Taxa,Group,RefInf,ID,BLUP,PEV,BLUE,Prediction
WGN07C01,1,1,1,0.0202851602368218,0.000885350017775103,1.52248399143598,1.5427691516728
WGN07C02,2,1,2,0.0266483783839096,0.000943589751683355,1.52248399143598,1.54913236981989
WGN07C03,3,1,3,0.0361606323038242,0.000923717187000126,1.52248399143598,1.5586446237398
WGN07C04,4,1,4,0.0233680540516613,0.000928390338381016,1.52248399143598,1.54585204548764
WGN07C05,5,1,5,0.0216424611129532,0.000889289976488077,1.52248399143598,1.54412645254893
WGN07C06,6,1,6,0.0135853823831714,0.00089407540617739,1.52248399143598,1.53606937381915
WGN07C07,7,1,7,0.0286173694678742,0.000919789512660235,1.52248399143598,1.55110136090385
WGN07C08,8,1,8,0.0276516617305587,0.000956497206451538,1.52248399143598,1.55013565316654
WGN07C09,9,1,9,0.0129127316299103,0.000915382881888657,1.52248399143598,1.53539672306589
WGN07C11,10,1,10,0.000840641293089655,0.000889612685389035,1.52248399143598,1.52332463272907
WGN07C12,11,1,11,-0.00844993952546498,0.000883334149434815,1.52248399143598,1.51403405191051
WGN07C13,12,1,12,0.0140186368174591,0.000921864179627704,1.52248399143598,1.53650262825344
WGN07C14,13,1,13,0.0452600751471046,0.000883506528417056,1.52248399143598,1.56774406658308
WGN07C15,14,1,14,0.0210209751546097,0.000989435445522771,1.52248399143598,1.54350496659059
WGN07C16,15,1,15,-0.000203646695431141,0.000941578324528077,1.52248399143598,1.52228034474055
WGN07C17,16,1,16,0.0339078281129702,0.000918563900844406,1.52248399143598,1.55639181954895
WGN07C18,17,1,17,-0.0105235877165997,0.000951698025805491,1.52248399143598,1.51196040371938
WGN07C19,18,1,18,0.00587963697279638,0.000926303641138601,1.52248399143598,1.52836362840878
WGN07C20,19,1,19,0.0276518039234981,0.000893546843261215,1.52248399143598,1.55013579535948
WGN07C24,20,1,20,0.00631165273119843,0.000947916040300223,1.52248399143598,1.52879564416718
WGN07C27,21,1,21,0.0215110801722443,0.000957431201280406,1.52248399143598,1.54399507160822
WGN07C29,22,1,22,0.0204713179245879,0.000927407566397348,1.52248399143598,1.54295530936057
WGN07C30,23,1,23,0.0173105245345032,0.000920820656002529,1.52248399143598,1.53979451597048
WGN07C32,24,1,24,0.0218259794360081,0.000947348254753514,1.52248399143598,1.54430997087199
WGN07C35,25,1,25,0.0103352070228145,0.00091121409416999,1.52248399143598,1.53281919845879
WGN07C36,26,1,26,0.0228090684786752,0.000934094953502085,1.52248399143598,1.54529305991465
WGN07C37,27,1,27,0.0581976234387491,0.000907336307215734,1.52248399143598,1.58068161487473
WGN07C38,28,1,28,0.00236673759883301,0.000952876151615732,1.52248399143598,1.52485072903481
WGN07C39,29,1,29,0.0386510854614637,0.000942169594848321,1.52248399143598,1.56113507689744
WGN07C40,30,1,30,-0.00771273463323773,0.000941719215248301,1.52248399143598,1.51477125680274
WGN07C41,31,1,31,0.0123188959220002,0.000907297888394791,1.52248399143598,1.53480288735798
WGN07C43,32,1,32,0.030217833423476,0.000925031803186783,1.52248399143598,1.55270182485946
WGN07C44,33,1,33,0.0131926919468811,0.000949904765938803,1.52248399143598,1.53567668338286
WGN07C45,34,1,34,0.0207949578552617,0.00090614634263443,1.52248399143598,1.54327894929124
WGN07C46,35,1,35,0.0317776410931861,0.000872992244618527,1.52248399143598,1.55426163252917
WGN07C47,36,1,36,0.0294592011732208,0.00093879628611213,1.52248399143598,1.5519431926092
WGN07C48,37,1,37,0.00657986395300141,0.000916926604575284,1.52248399143598,1.52906385538898
WGN07C49,38,1,38,0.0156261519502065,0.000907192428633408,1.52248399143598,1.53811014338619
WGN07C50,39,1,39,0.0136588501192921,0.000941751856503049,1.52248399143598,1.53614284155527
WGN07C51,40,1,40,0.0188017051359572,0.000898111134424936,1.52248399143598,1.54128569657194
WGN07C52,41,1,41,0.0223831678339626,0.000932980169654323,1.52248399143598,1.54486715926994
WGN07C53,42,1,42,0.0267210883226857,0.00090608166103461,1.52248399143598,1.54920507975866
WGN07C54,43,1,43,0.0102350646881821,0.000936164141998147,1.52248399143598,1.53271905612416
WGN07C57,44,1,44,0.0444811426414826,0.000928804003082207,1.52248399143598,1.56696513407746
WGN07C58,45,1,45,-0.00319486055532305,0.000909760972959632,1.52248399143598,1.51928913088066
WGN07C59,46,1,46,0.0233487755488498,0.000896193740259867,1.52248399143598,1.54583276698483
WGN07C60,47,1,47,0.0288291397965794,0.000898162684298636,1.52248399143598,1.55131313123256
WGN07C61,48,1,48,0.0150714552827459,0.000921133483911625,1.52248399143598,1.53755544671873
WGN07C62,49,1,49,0.0291331346110328,0.000879258328924216,1.52248399143598,1.55161712604701
WGN07C63,50,1,50,0.0143041662279192,0.000911267342765133,1.52248399143598,1.5367881576639
WGN07C64,51,1,51,0.0369426248333292,0.000879473651173324,1.52248399143598,1.55942661626931
WGN07C65,52,1,52,0.0170388754948625,0.000886022526812456,1.52248399143598,1.53952286693084
WGN07D01,53,1,53,0.0163307161213615,0.000943132521922062,1.52248399143598,1.53881470755734
WGN07D02,54,1,54,0.0154240715079558,0.0009740683755873,1.52248399143598,1.53790806294394
WGN07D04,55,1,55,0.0376372399939531,0.000881681002696801,1.52248399143598,1.56012123142993
WGN07D08,56,1,56,0.0440051027810498,0.000908875666611873,1.52248399143598,1.56648909421703
WGN07D09,57,1,57,-0.00712401895108096,0.000925308452111338,1.52248399143598,1.5153599724849
WGN07D11,58,1,58,0.00135539775533799,0.000906424000114361,1.52248399143598,1.52383938919132
WGN07D12,59,1,59,0.00169391866578261,0.000953375830289127,1.52248399143598,1.52417791010176
WGN07D13,60,1,60,0.0236122531650168,0.00093875368541003,1.52248399143598,1.546096244601
WGN07D14,61,1,61,0.0342481897948934,0.000927650228097621,1.52248399143598,1.55673218123087
WGN07D15,62,1,62,0.0276442550155372,0.000879472924322089,1.52248399143598,1.55012824645152
WGN07D16,63,1,63,0.00533338053540979,0.000958209754005809,1.52248399143598,1.52781737197139
WGN07D17,64,1,64,0.00136595421425489,0.000914571691488784,1.52248399143598,1.52384994565023
WGN07D19,65,1,65,0.00511724801992941,0.000883200384456619,1.52248399143598,1.52760123945591
WGN07D20,66,1,66,0.0167090563363784,0.000962087456023937,1.52248399143598,1.53919304777236
WGN07D21,67,1,67,-0.00432483938320293,0.000928758441167726,1.52248399143598,1.51815915205278
WGN07D22,68,1,68,0.0240398077993871,0.000918121031576018,1.52248399143598,1.54652379923537
WGN07D23,69,1,69,0.0217806642190308,0.000913199076885931,1.52248399143598,1.54426465565501
WGN07D24,70,1,70,0.00461456661351275,0.000899358073123797,1.52248399143598,1.52709855804949
WGN07D25,71,1,71,0.0212805171202599,0.000897842339345786,1.52248399143598,1.54376450855624
WGN07D26,72,1,72,-0.0109630343471284,0.000898861317496519,1.52248399143598,1.51152095708885
WGN07D27,73,1,73,0.0417693290989728,0.000929724064890047,1.52248399143598,1.56425332053495
WGN07D28,74,1,74,0.0267197429624219,0.000887258733947976,1.52248399143598,1.5492037343984
WGN07D29,75,1,75,-0.0217105885822537,0.000985865290391978,1.52248399143598,1.50077340285373
WGN07D30,76,1,76,0.0415392738465418,0.000900195647512619,1.52248399143598,1.56402326528252
WGN07D32,77,1,77,0.0121108408260795,0.000890977199692366,1.52248399143598,1.53459483226206
WGN07D33,78,1,78,0.00356702457779106,0.000900482661696318,1.52248399143598,1.52605101601377
WGN07D34,79,1,79,0.0220314569080575,0.000906567709480929,1.52248399143598,1.54451544834404
WGN07D37,80,1,80,0.0160879426924548,0.000924409116008601,1.52248399143598,1.53857193412843
WGN07D38,81,1,81,0.00814943921293509,0.000873804043191293,1.52248399143598,1.53063343064891
WGN07D39,82,1,82,0.0184991776075257,0.00089460013187837,1.52248399143598,1.5409831690435
WGN07D41,83,1,83,0.0359748768207281,0.000922142622097964,1.52248399143598,1.55845886825671
WGN07D43,84,1,84,0.00524422213544391,0.000909582394075712,1.52248399143598,1.52772821357142
WGN07D44,85,1,85,0.0382316647942895,0.000863162468696332,1.52248399143598,1.56071565623027
WGN07D45,86,1,86,0.00303934613822225,0.000928885748589435,1.52248399143598,1.5255233375742
WGN07D46,87,1,87,0.022564855481126,0.000928442102884653,1.52248399143598,1.54504884691711
WGN07D47,88,1,88,0.00293998797399718,0.000901263415904177,1.52248399143598,1.52542397940998
WGN07D49,89,1,89,0.0380343751887147,0.000894841993421566,1.52248399143598,1.56051836662469
WGN07D50,90,1,90,0.00438639496745323,0.000883849423965229,1.52248399143598,1.52687038640343
WGN07D51,91,1,91,0.0233039906810665,0.000875932023242238,1.52248399143598,1.54578798211705
WGN07D52,92,1,92,0.024048697372269,0.000892618455290459,1.52248399143598,1.54653268880825
WGN07D53,93,1,93,0.0239931409985094,0.000877697105367465,1.52248399143598,1.54647713243449
WGN07D54,94,1,94,0.00291068498499936,0.00087959428204289,1.52248399143598,1.52539467642098
WGN07D55,95,1,95,0.0283520398960471,0.000980183318456088,1.52248399143598,1.55083603133203
WGN07D56,96,1,96,-0.00778769214863027,0.000909022539295648,1.52248399143598,1.51469629928735
WGN07D58,97,1,97,0.0391984070010723,0.000952641975689533,1.52248399143598,1.56168239843705
WGN07D59,98,1,98,0.01225167744495,0.000923019846196452,1.52248399143598,1.53473566888093
WGN07D60,99,1,99,-0.0470198386670189,0.000956744078438595,1.52248399143598,1.47546415276896
WGN07D62,100,1,100,0.00252953272433468,0.000947588802581273,1.52248399143598,1.52501352416031
WGN07D63,101,1,101,0.0111626936482364,0.000962583888587006,1.52248399143598,1.53364668508422
WGN07D64,102,1,102,-0.0241180898919833,0.000995682382131769,1.52248399143598,1.498365901544
WGN07D65,103,1,103,0.0193389071634667,0.000913697534795565,1.52248399143598,1.54182289859945
WGN15C01,104,1,104,-0.0663618709219155,0.000928958511538522,1.52248399143598,1.45612212051406
WGN15C02,105,1,105,0.0094903268951136,0.000893848482949383,1.52248399143598,1.53197431833109
WGN15C03,106,1,106,0.0194479348414628,0.000881492026725046,1.52248399143598,1.54193192627744
WGN15C04,107,1,107,0.005445284842551,0.000977430114131224,1.52248399143598,1.52792927627853
WGN15C05,108,1,108,-3.8122340183651e-05,0.000855782076473155,1.52248399143598,1.5224458690958
WGN15C06,109,1,109,0.00996579980624858,0.000943242981055518,1.52248399143598,1.53244979124223
WGN15C08,110,1,110,0.0191156738645176,0.000933799267335929,1.52248399143598,1.5415996653005
WGN15C09,111,1,111,-0.0494042964413848,0.000965721750891574,1.52248399143598,1.47307969499459
WGN15C10,112,1,112,0.0238277514531673,0.000906356315849918,1.52248399143598,1.54631174288915
WGN15C11,113,1,113,0.018627703385704,0.000866025929431911,1.52248399143598,1.54111169482168
WGN15C12,114,1,114,0.0126523796428911,0.000942964262931199,1.52248399143598,1.53513637107887
WGN15C13,115,1,115,0.00102629889076624,0.000914381168556931,1.52248399143598,1.52351029032675
WGN15C14,116,1,116,0.0243805079619144,0.000849412164487357,1.52248399143598,1.54686449939789
WGN15C15,117,1,117,-0.00503005452015157,0.000906068951163792,1.52248399143598,1.51745393691583
WGN15C16,118,1,118,0.00301586228634569,0.000934441842458086,1.52248399143598,1.52549985372232
WGN15C17,119,1,119,0.0221314889669913,0.000880109493094157,1.52248399143598,1.54461548040297
WGN15C19,120,1,120,0.0217704389073733,0.000939839645600322,1.52248399143598,1.54425443034335
WGN15C21,121,1,121,0.018961624194373,0.000909915968289934,1.52248399143598,1.54144561563035
WGN15C24,122,1,122,0.0191304106714698,0.000947248938238647,1.52248399143598,1.54161440210745
WGN15C28,123,1,123,0.0185397503812664,0.000884942443409135,1.52248399143598,1.54102374181725
WGN15C30,124,1,124,0.0262311104287939,0.000903108248811523,1.52248399143598,1.54871510186477
WGN15C31,125,1,125,0.0261722113623867,0.000910144185205169,1.52248399143598,1.54865620279837
WGN15C32,126,1,126,-0.00240456236710514,0.000910977149330714,1.52248399143598,1.52007942906887
WGN15C34,127,1,127,-0.017809121980036,0.000904188380790989,1.52248399143598,1.50467486945594
WGN15C36,128,1,128,-0.00539955053531425,0.0009042745517143,1.52248399143598,1.51708444090067
WGN15C37,129,1,129,0.0156389179949114,0.000928950444942342,1.52248399143598,1.53812290943089
WGN15C38,130,1,130,-0.0223259164086616,0.000884085120231832,1.52248399143598,1.50015807502732
WGN15C39,131,1,131,0.0159433439313468,0.000902768797522641,1.52248399143598,1.53842733536733
WGN15C40,132,1,132,0.0133853462081234,0.000900278269745118,1.52248399143598,1.5358693376441
WGN15C41,133,1,133,0.015265690865247,0.00092812300953974,1.52248399143598,1.53774968230123
WGN15C43,134,1,134,0.0139677128169029,0.000937556223017076,1.52248399143598,1.53645170425288
WGN15C44,135,1,135,0.0012619207777627,0.000969650706571596,1.52248399143598,1.52374591221374
WGN15C45,136,1,136,0.0197382265532264,0.000870328906800473,1.52248399143598,1.54222221798921
WGN15C46,137,1,137,0.016767282092762,0.000763772566871028,1.52248399143598,1.53925127352874
WGN15C47,138,1,138,0.0326548960005791,0.000886332107002604,1.52248399143598,1.55513888743656
WGN15C49,139,1,139,0.000779745287573833,0.000878901813201415,1.52248399143598,1.52326373672355
WGN15C50,140,1,140,-0.0188576105159572,0.000904798166748283,1.52248399143598,1.50362638092002
WGN15C51,141,1,141,-0.00394390649130805,0.000874674169706649,1.52248399143598,1.51854008494467
WGN15C52,142,1,142,0.0137843523809288,0.000964511965743694,1.52248399143598,1.53626834381691
WGN15C54,143,1,143,0.00675384445121164,0.000890670039150472,1.52248399143598,1.52923783588719
WGN15C55,144,1,144,0.0331323482587874,0.000970729154540753,1.52248399143598,1.55561633969477
WGN15C58,145,1,145,0.00218000868446456,0.000894245567747086,1.52248399143598,1.52466400012044
WGN15C60,146,1,146,0.0188455681320827,0.000924760161415134,1.52248399143598,1.54132955956806
WGN15C61,147,1,147,0.00866927975929585,0.000868263415348183,1.52248399143598,1.53115327119528
WGN15C62,148,1,148,0.00281350313426021,0.000847291427467397,1.52248399143598,1.52529749457024
WGN15C63,149,1,149,0.0020828516559813,0.000938202051638108,1.52248399143598,1.52456684309196
WGN15C64,150,1,150,0.042358739171532,0.000912738959451668,1.52248399143598,1.56484273060751
WGN15D04,151,1,151,0.0289988097833401,0.00100520407609638,1.52248399143598,1.55148280121932
WGN15D06,152,1,152,0.0215683773097596,0.000936630656966903,1.52248399143598,1.54405236874574
WGN15D07,153,1,153,0.0390224312344351,0.000969383396083573,1.52248399143598,1.56150642267041
WGN15D08,154,1,154,0.0137159146501639,0.000921127496054376,1.52248399143598,1.53619990608614
WGN15D09,155,1,155,-0.00692706837314726,0.000933526989403757,1.52248399143598,1.51555692306283
WGN15D11,156,1,156,-0.0105907439604298,0.000971672732625047,1.52248399143598,1.51189324747555
WGN15D12,157,1,157,0.0186743796021413,0.00102565292297605,1.52248399143598,1.54115837103812
WGN15D14,158,1,158,-0.0252080128954388,0.000907581300814094,1.52248399143598,1.49727597854054
WGN15D15,159,1,159,0.0264583027419293,0.000885877639205204,1.52248399143598,1.54894229417791
WGN15D16,160,1,160,0.00806648347154847,0.000923991406066661,1.52248399143598,1.53055047490753
WGN15D17,161,1,161,-0.00882685934144206,0.000912162222355829,1.52248399143598,1.51365713209454
WGN15D18,162,1,162,0.00689371612759304,0.00095352120393668,1.52248399143598,1.52937770756357
WGN15D20,163,1,163,-0.00345854691107326,0.000975308520330212,1.52248399143598,1.51902544452491
WGN15D22,164,1,164,0.0044479287505194,0.000902018316124604,1.52248399143598,1.5269319201865
WGN15D24,165,1,165,-0.00210671522162373,0.000945401003354996,1.52248399143598,1.52037727621436
WGN15D25,166,1,166,0.0188764470336502,0.000919434990685369,1.52248399143598,1.54136043846963
WGN15D26,167,1,167,0.0306520847519761,0.000943531624677665,1.52248399143598,1.55313607618796
WGN15D27,168,1,168,-0.019507608293435,0.00093496411043811,1.52248399143598,1.50297638314254
WGN15D28,169,1,169,0.0028132170666914,0.000960835292834752,1.52248399143598,1.52529720850267
WGN15D31,170,1,170,-0.010101844273363,0.000897436639901587,1.52248399143598,1.51238214716262
WGN15D32,171,1,171,0.00635664417649491,0.000935239677926336,1.52248399143598,1.52884063561247
WGN15D34,172,1,172,0.00393478134990805,0.000918198894197478,1.52248399143598,1.52641877278589
WGN15D35,173,1,173,0.0098444456460371,0.000937857010342354,1.52248399143598,1.53232843708202
WGN15D37,174,1,174,-0.00611914494823454,0.000987381050650179,1.52248399143598,1.51636484648774
WGN15D39,175,1,175,0.0373327576669753,0.000972185167729856,1.52248399143598,1.55981674910295
WGN15D40,176,1,176,0.0269943957632891,0.000939281045764646,1.52248399143598,1.54947838719927
WGN15D42,177,1,177,0.010831628692234,0.000863373851899031,1.52248399143598,1.53331562012821
WGN15D43,178,1,178,0.0159591212616058,0.000924544180114113,1.52248399143598,1.53844311269759
WGN15D44,179,1,179,0.00761768229090574,0.000948288500684801,1.52248399143598,1.53010167372689
WGN15D45,180,1,180,0.00454157724038552,0.000916217893458754,1.52248399143598,1.52702556867636
WGN15D47,181,1,181,0.0290946409990118,0.000912593029484197,1.52248399143598,1.55157863243499
WGN15D51,182,1,182,0.00694096417057007,0.0009317714537338,1.52248399143598,1.52942495560655
WGN15D55,183,1,183,0.0345775303627677,0.00094326590767433,1.52248399143598,1.55706152179875
WGN15D59,184,1,184,-0.00329307065219893,0.000965974598505446,1.52248399143598,1.51919092078378
WGN15D60,185,1,185,0.0225603645439908,0.000743464720205255,1.52248399143598,1.54504435597997
WGN15D61,186,1,186,-0.00596893857157532,0.000964344142284182,1.52248399143598,1.5165150528644
WGN15D62,187,1,187,0.0184388672094944,0.000891389881193831,1.52248399143598,1.54092285864547
WGN15D63,188,1,188,0.0108202804168734,0.00094941268903809,1.52248399143598,1.53330427185285
WGN15D64,189,1,189,-0.0183270467480076,0.000950374106485,1.52248399143598,1.50415694468797
WGN15D65,190,1,190,0.0428403101360178,0.000921592800184102,1.52248399143598,1.565324301572
WGN26C01,191,1,191,-0.0141596682329621,0.00082646354089376,1.52248399143598,1.50832432320302
WGN26C02,192,1,192,-0.00563938934858282,0.000948247804970326,1.52248399143598,1.5168446020874
WGN26C03,193,1,193,-0.027050370881608,0.000888419811616349,1.52248399143598,1.49543362055437
WGN26C04,194,1,194,-0.0160668328747702,0.00088367025004013,1.52248399143598,1.50641715856121
WGN26C05,195,1,195,0.00698195814217997,0.00094000322476573,1.52248399143598,1.52946594957816
WGN26C06,196,1,196,-0.0110377827178684,0.000722100117903427,1.52248399143598,1.51144620871811
WGN26C07,197,1,197,-0.0114781078765918,0.00091676753001272,1.52248399143598,1.51100588355939
WGN26C08,198,1,198,-0.0129476573489141,0.000917065540093927,1.52248399143598,1.50953633408707
WGN26C09,199,1,199,-0.010090302439511,0.000883216614415489,1.52248399143598,1.51239368899647
WGN26C10,200,1,200,-0.0204016221657717,0.000884913714670954,1.52248399143598,1.50208236927021
WGN26C11,201,1,201,-0.011815790633905,0.00087058650487625,1.52248399143598,1.51066820080207
WGN26C12,202,1,202,0.00457322403507608,0.000889156927293571,1.52248399143598,1.52705721547106
WGN26C13,203,1,203,0.019846560671397,0.000870372177664146,1.52248399143598,1.54233055210738
WGN26C14,204,1,204,0.0276600425511796,0.000913032189299865,1.52248399143598,1.55014403398716
WGN26C16,205,1,205,-0.015296583156657,0.000865271970833649,1.52248399143598,1.50718740827932
WGN26C18,206,1,206,-0.0192114519582073,0.000907627627583239,1.52248399143598,1.50327253947777
WGN26C20,207,1,207,-0.0076803199350886,0.000898904663410603,1.52248399143598,1.51480367150089
WGN26C21,208,1,208,0.000617336719480535,0.000936835845540501,1.52248399143598,1.52310132815546
WGN26C22,209,1,209,-0.0182692278807342,0.000919447479025342,1.52248399143598,1.50421476355525
WGN26C23,210,1,210,0.0154961690404879,0.000903738099095626,1.52248399143598,1.53798016047647
WGN26C24,211,1,211,-0.00457593696527127,0.000919038684861134,1.52248399143598,1.51790805447071
WGN26C25,212,1,212,-0.00863355363792891,0.000924059602863018,1.52248399143598,1.51385043779805
WGN26C26,213,1,213,-0.00818198460956706,0.000928142361419346,1.52248399143598,1.51430200682641
WGN26C27,214,1,214,-0.0133102121538155,0.000940512826061379,1.52248399143598,1.50917377928216
WGN26C28,215,1,215,0.00851754807564132,0.00085621932784071,1.52248399143598,1.53100153951162
WGN26C29,216,1,216,0.000697140726526221,0.000870712165984122,1.52248399143598,1.52318113216251
WGN26C33,217,1,217,-0.0183769460608471,0.000881535405151446,1.52248399143598,1.50410704537513
WGN26C34,218,1,218,0.020430755836492,0.000910967688508363,1.52248399143598,1.54291474727247
WGN26C35,219,1,219,-0.0360605354785485,0.000922150940414062,1.52248399143598,1.48642345595743
WGN26C36,220,1,220,0.0131796408331036,0.000955319073349414,1.52248399143598,1.53566363226908
WGN26C37,221,1,221,0.00408155309946511,0.000925293894220725,1.52248399143598,1.52656554453544
WGN26C38,222,1,222,-0.0346133841242115,0.000918807502724195,1.52248399143598,1.48787060731177
WGN26C39,223,1,223,0.0102096715921377,0.000843346700264071,1.52248399143598,1.53269366302812
WGN26C40,224,1,224,-0.0233461128735102,0.000866158583141574,1.52248399143598,1.49913787856247
WGN26C41,225,1,225,-0.015673721785966,0.000939793168650413,1.52248399143598,1.50681026965001
WGN26C42,226,1,226,0.029264139309515,0.000949375070905468,1.52248399143598,1.55174813074549
WGN26C43,227,1,227,0.00634498948153651,0.000939532569846939,1.52248399143598,1.52882898091752
WGN26C44,228,1,228,-0.0073237035416922,0.000886918376311555,1.52248399143598,1.51516028789429
WGN26C45,229,1,229,-0.000504251844054207,0.000903102162442373,1.52248399143598,1.52197973959193
WGN26C46,230,1,230,-0.00446787063652284,0.000880859624307562,1.52248399143598,1.51801612079946
WGN26C47,231,1,231,-0.0219962672301125,0.000908602535015886,1.52248399143598,1.50048772420587
WGN26C48,232,1,232,-0.0355024423904054,0.000882091441814017,1.52248399143598,1.48698154904557
WGN26C49,233,1,233,-0.0438426386164586,0.00085406219254312,1.52248399143598,1.47864135281952
WGN26C50,234,1,234,-0.00509697410151939,0.000914890983584084,1.52248399143598,1.51738701733446
WGN26C51,235,1,235,-0.0696932961086015,0.000922909762312893,1.52248399143598,1.45279069532738
WGN26C52,236,1,236,0.0101632024975289,0.000947512409671805,1.52248399143598,1.53264719393351
WGN26C53,237,1,237,-0.0292757439694538,0.000882775031805843,1.52248399143598,1.49320824746653
WGN26C55,238,1,238,-0.0216480481958957,0.000888894861647375,1.52248399143598,1.50083594324008
WGN26C56,239,1,239,-0.00840389595607413,0.00089398590623477,1.52248399143598,1.51408009547991
WGN26C57,240,1,240,0.0179211659002941,0.000892132867118916,1.52248399143598,1.54040515733627
WGN26C58,241,1,241,-0.0208424316496872,0.000919117501233859,1.52248399143598,1.50164155978629
WGN26C60,242,1,242,0.00919149207181486,0.000962771247834827,1.52248399143598,1.53167548350779
WGN26C61,243,1,243,-0.0240396663334502,0.00088468571350652,1.52248399143598,1.49844432510253
WGN26C62,244,1,244,-0.0411286053735122,0.000907373626544531,1.52248399143598,1.48135538606247
WGN26C63,245,1,245,0.0360278235358575,0.000909123145129881,1.52248399143598,1.55851181497184
WGN26C64,246,1,246,-0.0122643832636263,0.000911788872919458,1.52248399143598,1.51021960817235
WGN26C65,247,1,247,0.00214401755544507,0.000892432184500067,1.52248399143598,1.52462800899142
WGN26D02,248,1,248,-0.0107238927024377,0.000948003536121072,1.52248399143598,1.51176009873354
WGN26D03,249,1,249,-0.0151090405954836,0.000912933378828557,1.52248399143598,1.5073749508405
WGN26D04,250,1,250,0.000377321381512635,0.000927768947324004,1.52248399143598,1.52286131281749
WGN26D06,251,1,251,-0.00270419985732829,0.000916659601873686,1.52248399143598,1.51977979157865
WGN26D07,252,1,252,0.00614597724368279,0.000910754172396764,1.52248399143598,1.52862996867966
WGN26D09,253,1,253,-0.00589427794560352,0.000885551837886615,1.52248399143598,1.51658971349038
WGN26D10,254,1,254,-0.00506828274311753,0.000915560986915642,1.52248399143598,1.51741570869286
WGN26D11,255,1,255,-0.000430524538320762,0.0010331553662232,1.52248399143598,1.52205346689766
WGN26D12,256,1,256,-0.0220485103049304,0.000945563089706413,1.52248399143598,1.50043548113105
WGN26D14,257,1,257,0.00146379425904745,0.000919196236565977,1.52248399143598,1.52394778569503
WGN26D15,258,1,258,-0.0222825601782052,0.000920505886043915,1.52248399143598,1.50020143125777
WGN26D17,259,1,259,-0.0137216713209295,0.000931762960302315,1.52248399143598,1.50876232011505
WGN26D18,260,1,260,-0.00516963884123043,0.000950247321152136,1.52248399143598,1.51731435259475
WGN26D19,261,1,261,-0.00487720774527026,0.000910676940770601,1.52248399143598,1.51760678369071
WGN26D20,262,1,262,-0.00152641619092692,0.000947720678430267,1.52248399143598,1.52095757524505
WGN26D21,263,1,263,0.00686904178972316,0.000874165132120316,1.52248399143598,1.5293530332257
WGN26D22,264,1,264,-0.0203556099629282,0.000902602562927305,1.52248399143598,1.50212838147305
WGN26D23,265,1,265,0.0144738259219566,0.000982227894647313,1.52248399143598,1.53695781735794
WGN26D25,266,1,266,-0.023069682461167,0.000908922616076807,1.52248399143598,1.49941430897481
WGN26D26,267,1,267,0.0211147293844543,0.000895184860880967,1.52248399143598,1.54359872082043
WGN26D27,268,1,268,0.00106116547220825,0.000938124913483851,1.52248399143598,1.52354515690819
WGN26D28,269,1,269,-0.0281570988315485,0.00087067393008657,1.52248399143598,1.49432689260443
WGN26D29,270,1,270,-0.00427597359820473,0.000935446889004731,1.52248399143598,1.51820801783777
WGN26D30,271,1,271,-0.013253871007992,0.000913282918260043,1.52248399143598,1.50923012042799
WGN26D31,272,1,272,0.0012839390412859,0.000879832771365595,1.52248399143598,1.52376793047727
WGN26D32,273,1,273,0.00678015419438155,0.000894191180010777,1.52248399143598,1.52926414563036
WGN26D33,274,1,274,0.000601151119007179,0.000884118332238829,1.52248399143598,1.52308514255499
WGN26D34,275,1,275,-0.022517067878256,0.000915968359289945,1.52248399143598,1.49996692355772
WGN26D36,276,1,276,-0.00342713577844324,0.000990053581720877,1.52248399143598,1.51905685565754
WGN26D37,277,1,277,-0.00431257326478558,0.000901390643034305,1.52248399143598,1.51817141817119
WGN26D39,278,1,278,-0.0277441388932979,0.000951708839404874,1.52248399143598,1.49473985254268
WGN26D40,279,1,279,-0.0149322616527135,0.000912069600096662,1.52248399143598,1.50755172978327
WGN26D41,280,1,280,0.0324990427820593,0.000888534012519301,1.52248399143598,1.55498303421804
WGN26D43,281,1,281,0.00188585422434918,0.000882363891013788,1.52248399143598,1.52436984566033
WGN26D44,282,1,282,-0.0337993658360383,0.000887280308110379,1.52248399143598,1.48868462559994
WGN26D45,283,1,283,0.000286600867592589,0.000931488402422613,1.52248399143598,1.52277059230357
WGN26D46,284,1,284,-0.000764664458500021,0.000939393902876054,1.52248399143598,1.52171932697748
WGN26D47,285,1,285,0.0280539573647152,0.000891804906570244,1.52248399143598,1.55053794880069
WGN26D48,286,1,286,-0.00331450593138065,0.000912928582010768,1.52248399143598,1.5191694855046
WGN26D49,287,1,287,0.0135358824203213,0.000866780024879649,1.52248399143598,1.5360198738563
WGN26D50,288,1,288,-0.00792788759909133,0.000926344491705347,1.52248399143598,1.51455610383689
WGN26D52,289,1,289,0.0129636957497042,0.000864986163399375,1.52248399143598,1.53544768718568
WGN26D53,290,1,290,-0.011092849636396,0.000917074191799753,1.52248399143598,1.51139114179958
WGN26D54,291,1,291,-0.0125833152770982,0.00091051202619306,1.52248399143598,1.50990067615888
WGN26D56,292,1,292,-0.0353954054609826,0.0009440729329569,1.52248399143598,1.487088585975
WGN26D57,293,1,293,0.00328656811530662,0.000918825232763173,1.52248399143598,1.52577055955129
WGN26D59,294,1,294,0.0195699403353289,0.000887586768064283,1.52248399143598,1.54205393177131
WGN26D61,295,1,295,-0.0219754359046054,0.000950256638759843,1.52248399143598,1.50050855553137
WGN26D63,296,1,296,-0.0300499932021447,0.00092984384295843,1.52248399143598,1.49243399823383
WGN26D64,297,1,297,0.00670859509238997,0.000946748124295627,1.52248399143598,1.52919258652837
WGN26D65,298,1,298,-0.0058127139014505,0.000905477171666653,1.52248399143598,1.51667127753453
WGN36C01,299,1,299,-0.00393265561132148,0.00090644211625442,1.52248399143598,1.51855133582466
WGN36C03,300,1,300,0.0171190546776989,0.000910780291950087,1.52248399143598,1.53960304611368
WGN36C04,301,1,301,0.0316675405509346,0.000831545646577742,1.52248399143598,1.55415153198691
WGN36C05,302,1,302,-0.0124081974679979,0.000894568685175708,1.52248399143598,1.51007579396798
WGN36C06,303,1,303,0.0150111931352887,0.000845241716564144,1.52248399143598,1.53749518457127
WGN36C07,304,1,304,-0.0042888772246194,0.000857704564041564,1.52248399143598,1.51819511421136
WGN36C08,305,1,305,0.00158038316534805,0.00088259783658653,1.52248399143598,1.52406437460133
WGN36C09,306,1,306,-0.0226708587147105,0.000905833456408398,1.52248399143598,1.49981313272127
WGN36C10,307,1,307,-0.0359023370939915,0.000875702981480357,1.52248399143598,1.48658165434199
WGN36C11,308,1,308,-0.0204359866397548,0.000884010467047723,1.52248399143598,1.50204800479622
WGN36C12,309,1,309,0.0288192072179225,0.000898953988042886,1.52248399143598,1.5513031986539
WGN36C16,310,1,310,0.0083804149942177,0.000884341742605203,1.52248399143598,1.5308644064302
WGN36C17,311,1,311,0.0272317102480909,0.000874984221694766,1.52248399143598,1.54971570168407
WGN36C18,312,1,312,0.00838856938924104,0.000904026063295959,1.52248399143598,1.53087256082522
WGN36C19,313,1,313,0.0382991075524115,0.000924514031061695,1.52248399143598,1.56078309898839
WGN36C20,314,1,314,0.00333337166289551,0.000903467511648678,1.52248399143598,1.52581736309887
WGN36C21,315,1,315,0.000748233680491834,0.000891921205495704,1.52248399143598,1.52323222511647
WGN36C22,316,1,316,0.0353577743044626,0.00089746322471723,1.52248399143598,1.55784176574044
WGN36C23,317,1,317,-0.0188475684802299,0.000910139333673482,1.52248399143598,1.50363642295575
WGN36C24,318,1,318,0.00967286180757089,0.00087476861042051,1.52248399143598,1.53215685324355
WGN36C25,319,1,319,0.000410912156279063,0.000835115116689113,1.52248399143598,1.52289490359226
WGN36C26,320,1,320,0.0166461248635486,0.000869680947424722,1.52248399143598,1.53913011629953
WGN36C28,321,1,321,0.00398181623742945,0.000936614129237559,1.52248399143598,1.52646580767341
WGN36C29,322,1,322,0.00531032010268977,0.000919815551477991,1.52248399143598,1.52779431153867
WGN36C30,323,1,323,-0.00788858925339044,0.000888331095756809,1.52248399143598,1.51459540218259
WGN36C33,324,1,324,0.0298893667523222,0.000898719358291586,1.52248399143598,1.5523733581883
WGN36C35,325,1,325,0.0166394815297218,0.00089296770088933,1.52248399143598,1.5391234729657
WGN36C36,326,1,326,0.005474022879946,0.000879213945634509,1.52248399143598,1.52795801431593
WGN36C39,327,1,327,0.0168888958807969,0.000861447371073385,1.52248399143598,1.53937288731678
WGN36C40,328,1,328,-0.00256482916758156,0.000920916177857005,1.52248399143598,1.5199191622684
WGN36C41,329,1,329,0.0609539991645297,0.000858578880661155,1.52248399143598,1.58343799060051
WGN36C42,330,1,330,0.00509640635334138,0.000893516831132828,1.52248399143598,1.52758039778932
WGN36C43,331,1,331,-0.0154975347975416,0.000884451531354319,1.52248399143598,1.50698645663844
WGN36C45,332,1,332,0.00962044151680798,0.000828995419903749,1.52248399143598,1.53210443295279
WGN36C48,333,1,333,-0.00238577637912506,0.000835715694851201,1.52248399143598,1.52009821505685
WGN36C49,334,1,334,-0.0116664338657638,0.000871769004453628,1.52248399143598,1.51081755757022
WGN36C53,335,1,335,-0.00345075592211912,0.0008551130732497,1.52248399143598,1.51903323551386
WGN36C55,336,1,336,0.0149671232890051,0.000874136323693671,1.52248399143598,1.53745111472498
WGN36C59,337,1,337,0.0184810940448515,0.000913642805870137,1.52248399143598,1.54096508548083
WGN36C61,338,1,338,-0.0140557352282507,0.000901236418109568,1.52248399143598,1.50842825620773
WGN36C62,339,1,339,0.0179596965948635,0.000857285008154815,1.52248399143598,1.54044368803084
WGN36C63,340,1,340,0.0243839310498126,0.000864470230829934,1.52248399143598,1.54686792248579
WGN36C64,341,1,341,0.0135390847263573,0.000861753495515844,1.52248399143598,1.53602307616234
WGN36C65,342,1,342,0.00999008884518365,0.000891983363058775,1.52248399143598,1.53247408028116
WGN36D01,343,1,343,0.0428035334437292,0.000879780380655935,1.52248399143598,1.56528752487971
WGN36D02,344,1,344,0.00999896880162827,0.000875191197779215,1.52248399143598,1.53248296023761
WGN36D03,345,1,345,0.0200153669274022,0.000901874935706076,1.52248399143598,1.54249935836338
WGN36D04,346,1,346,0.0124352944406219,0.000878400716435778,1.52248399143598,1.5349192858766
WGN36D05,347,1,347,0.0283187177039508,0.00084894974716055,1.52248399143598,1.55080270913993
WGN36D06,348,1,348,-0.0241974501976639,0.000942112481682204,1.52248399143598,1.49828654123832
WGN36D07,349,1,349,0.0064662943135859,0.00088879071909707,1.52248399143598,1.52895028574957
WGN36D08,350,1,350,0.0306828555934201,0.000918598187762965,1.52248399143598,1.5531668470294
WGN36D09,351,1,351,0.0283898322624761,0.000864247165570328,1.52248399143598,1.55087382369846
WGN36D10,352,1,352,0.00981672564258804,0.000887637552580668,1.52248399143598,1.53230071707857
WGN36D11,353,1,353,0.0118360139510624,0.000922331961776687,1.52248399143598,1.53432000538704
WGN36D12,354,1,354,0.0243571008811705,0.000840721435757416,1.52248399143598,1.54684109231715
WGN36D13,355,1,355,0.0152988725402523,0.000851108681944845,1.52248399143598,1.53778286397623
WGN36D14,356,1,356,-0.0162813567830484,0.000896065575631043,1.52248399143598,1.50620263465293
WGN36D15,357,1,357,-0.0149871781520672,0.00087644218778162,1.52248399143598,1.50749681328391
WGN36D17,358,1,358,-0.0269317898747337,0.000870104859085673,1.52248399143598,1.49555220156125
WGN36D18,359,1,359,-0.0141061734231434,0.000876002159155315,1.52248399143598,1.50837781801284
WGN36D19,360,1,360,0.00946104056320369,0.000878554195788333,1.52248399143598,1.53194503199918
WGN36D20,361,1,361,0.0150057802044514,0.000885097130677129,1.52248399143598,1.53748977164043
WGN36D21,362,1,362,0.0174517362888812,0.000872838199524224,1.52248399143598,1.53993572772486
WGN36D22,363,1,363,-0.00609420532008351,0.000924329176595392,1.52248399143598,1.5163897861159
WGN36D23,364,1,364,0.0230166019591596,0.000846246497086569,1.52248399143598,1.54550059339514
WGN36D24,365,1,365,-0.00162545618157085,0.00088010245718919,1.52248399143598,1.52085853525441
WGN36D26,366,1,366,0.00311364917020839,0.00094642408143642,1.52248399143598,1.52559764060619
WGN36D27,367,1,367,0.0107176922053033,0.000879333611479348,1.52248399143598,1.53320168364128
WGN36D28,368,1,368,-0.0119506888031955,0.00092725350160284,1.52248399143598,1.51053330263278
WGN36D29,369,1,369,0.0144789953870738,0.000900960739374546,1.52248399143598,1.53696298682305
WGN36D31,370,1,370,-0.000653742646158733,0.000845905030382126,1.52248399143598,1.52183024878982
WGN36D32,371,1,371,0.00637119630422323,0.000876632403366802,1.52248399143598,1.5288551877402
WGN36D33,372,1,372,0.00760911964056974,0.000930990206872822,1.52248399143598,1.53009311107655
WGN36D34,373,1,373,0.0202037854554474,0.000920751566888801,1.52248399143598,1.54268777689143
WGN36D35,374,1,374,0.0176515366357549,0.000945389142800601,1.52248399143598,1.54013552807173
WGN36D36,375,1,375,0.00925062113310724,0.000943671176923211,1.52248399143598,1.53173461256909
WGN36D37,376,1,376,0.00521536591672621,0.000936307371022662,1.52248399143598,1.52769935735271
WGN36D38,377,1,377,0.0276164159196666,0.00095968217501816,1.52248399143598,1.55010040735565
WGN36D39,378,1,378,0.0109995947727066,0.00101812648764643,1.52248399143598,1.53348358620869
WGN36D41,379,1,379,0.00945592058238393,0.000890189551192896,1.52248399143598,1.53193991201836
WGN36D42,380,1,380,-0.0197649676092065,0.000944720614727577,1.52248399143598,1.50271902382677
WGN36D43,381,1,381,0.0278308476502514,0.000934287198246646,1.52248399143598,1.55031483908623
WGN36D44,382,1,382,-0.00768131783398044,0.000940680025453077,1.52248399143598,1.514802673602
WGN36D45,383,1,383,0.0120558213403236,0.00100460869437573,1.52248399143598,1.5345398127763
WGN36D46,384,1,384,-0.0123529610374555,0.000917022410220588,1.52248399143598,1.51013103039852
WGN36D47,385,1,385,0.0204815228444689,0.000960441880940107,1.52248399143598,1.54296551428045
WGN36D48,386,1,386,-0.00210790174755074,0.000857636341562982,1.52248399143598,1.52037608968843
WGN36D49,387,1,387,-0.00875239042106352,0.000919652563552859,1.52248399143598,1.51373160101492
WGN36D50,388,1,388,0.0237729165164967,0.000906292706542439,1.52248399143598,1.54625690795248
WGN36D51,389,1,389,0.0221353418092818,0.000903941368450628,1.52248399143598,1.54461933324526
WGN36D52,390,1,390,-0.00747926246729961,0.000907572407333428,1.52248399143598,1.51500472896868
WGN36D53,391,1,391,0.0104729880427271,0.000939040965705448,1.52248399143598,1.53295697947871
WGN36D55,392,1,392,0.021629190257977,0.000931852724234117,1.52248399143598,1.54411318169396
WGN36D56,393,1,393,-0.0115153499067948,0.00102131918906931,1.52248399143598,1.51096864152918
WGN36D58,394,1,394,0.0276273113960651,0.000887109791060471,1.52248399143598,1.55011130283204
WGN36D59,395,1,395,-0.00858467394861346,0.000945943115508318,1.52248399143598,1.51389931748737
WGN36D60,396,1,396,0.00684913717719955,0.000883869212479154,1.52248399143598,1.52933312861318
WGN36D61,397,1,397,0.00812210445320478,0.000920728619093553,1.52248399143598,1.53060609588918
WGN36D62,398,1,398,-0.000478954652066168,0.000974601556274073,1.52248399143598,1.52200503678391
WGN36D63,399,1,399,-0.0122727603596663,0.000883610032036998,1.52248399143598,1.51021123107631
WGN36D64,400,1,400,-0.00906581049271742,0.000905288478589435,1.52248399143598,1.51341818094326
WGN36D65,401,1,401,0.0270470741911135,0.00092539105754782,1.52248399143598,1.54953106562709
WGN38C01,402,1,402,0.0340270380583643,0.00088368646936,1.52248399143598,1.55651102949434
WGN38C02,403,1,403,-0.0320830934048643,0.000980353107235936,1.52248399143598,1.49040089803111
WGN38C03,404,1,404,0.00218592438103792,0.00097888127239035,1.52248399143598,1.52466991581702
WGN38C04,405,1,405,0.00059326049464192,0.000923517129183208,1.52248399143598,1.52307725193062
WGN38C06,406,1,406,0.00262572074698214,0.000949226778721855,1.52248399143598,1.52510971218296
WGN38C10,407,1,407,0.024519159372937,0.00090974213608575,1.52248399143598,1.54700315080892
WGN38C12,408,1,408,-0.0709712491820265,0.000912429649382936,1.52248399143598,1.45151274225395
WGN38C14,409,1,409,0.00758751530310176,0.000962365994471651,1.52248399143598,1.53007150673908
WGN38C15,410,1,410,0.0143116935842619,0.000892490357670182,1.52248399143598,1.53679568502024
WGN38C17,411,1,411,-0.000390459538489728,0.000905879648371009,1.52248399143598,1.52209353189749
WGN38C18,412,1,412,-0.0157894750696432,0.000916516601477058,1.52248399143598,1.50669451636634
WGN38C19,413,1,413,-0.00946311529676826,0.000974626269400156,1.52248399143598,1.51302087613921
WGN38C21,414,1,414,-0.0138765981712125,0.000856510499709667,1.52248399143598,1.50860739326477
WGN38C23,415,1,415,-0.00879424249883795,0.000878063772761088,1.52248399143598,1.51368974893714
WGN38C24,416,1,416,-0.00293517695906055,0.000900336472446699,1.52248399143598,1.51954881447692
WGN38C25,417,1,417,-0.0106626402899511,0.000970710222610536,1.52248399143598,1.51182135114603
WGN38C26,418,1,418,0.0031136495001225,0.000934602593075965,1.52248399143598,1.5255976409361
WGN38C27,419,1,419,-0.00530675621983265,0.000941812389852225,1.52248399143598,1.51717723521615
WGN38C28,420,1,420,0.0224296678480714,0.000886026108099619,1.52248399143598,1.54491365928405
WGN38C30,421,1,421,-0.0260464922396468,0.000868088021434474,1.52248399143598,1.49643749919633
WGN38C31,422,1,422,0.0158725807636914,0.000896747579405504,1.52248399143598,1.53835657219967
WGN38C32,423,1,423,0.0237896074867871,0.000978881656529604,1.52248399143598,1.54627359892277
WGN38C33,424,1,424,-0.0241910284645669,0.000942999467851818,1.52248399143598,1.49829296297141
WGN38C34,425,1,425,-0.00448504755643969,0.000855183096208857,1.52248399143598,1.51799894387954
WGN38C35,426,1,426,0.0103945984584735,0.000914974552789176,1.52248399143598,1.53287858989445
WGN38C37,427,1,427,-0.050659763889065,0.000932464334231257,1.52248399143598,1.47182422754691
WGN38C38,428,1,428,-0.00469559482113472,0.000880068165725934,1.52248399143598,1.51778839661484
WGN38C41,429,1,429,-0.00919470415480079,0.000882014010092795,1.52248399143598,1.51328928728118
WGN38C42,430,1,430,-0.0212066890391539,0.000951980374743873,1.52248399143598,1.50127730239683
WGN38C43,431,1,431,0.0292905793022822,0.000888885766487114,1.52248399143598,1.55177457073826
WGN38C45,432,1,432,0.010337480467889,0.000942854404927765,1.52248399143598,1.53282147190387
WGN38C46,433,1,433,0.0355197320237634,0.000950784497427689,1.52248399143598,1.55800372345974
WGN38C47,434,1,434,-0.0184882701820383,0.000878317221137016,1.52248399143598,1.50399572125394
WGN38C48,435,1,435,0.0188193818120788,0.000845908346209745,1.52248399143598,1.54130337324806
WGN38C49,436,1,436,0.0134932649683434,0.000938718318577609,1.52248399143598,1.53597725640432
WGN38C50,437,1,437,-0.0115473940796581,0.000921919779316874,1.52248399143598,1.51093659735632
WGN38C51,438,1,438,-0.00776750837577009,0.000908664647493467,1.52248399143598,1.51471648306021
WGN38C52,439,1,439,0.0100484199796046,0.000957326480302973,1.52248399143598,1.53253241141558
WGN38C53,440,1,440,0.00190218005298682,0.000859075255436998,1.52248399143598,1.52438617148897
WGN38C54,441,1,441,-0.0240850532914851,0.000914111544540018,1.52248399143598,1.49839893814449
WGN38C55,442,1,442,0.00471253900443022,0.000895620670039456,1.52248399143598,1.52719653044041
WGN38C56,443,1,443,-0.0216223992836312,0.000917829876837544,1.52248399143598,1.50086159215235
WGN38C57,444,1,444,-0.00995743903014409,0.000880609875875776,1.52248399143598,1.51252655240584
WGN38C58,445,1,445,-0.0122812393981808,0.000963703678436403,1.52248399143598,1.5102027520378
WGN38C59,446,1,446,-0.0108680913689154,0.000899608530970139,1.52248399143598,1.51161590006706
WGN38C60,447,1,447,-0.0194698766750212,0.000976557289973181,1.52248399143598,1.50301411476096
WGN38C61,448,1,448,-0.00517601003957446,0.000925739325491535,1.52248399143598,1.5173079813964
WGN38C63,449,1,449,-0.0217738420506549,0.000909330888898518,1.52248399143598,1.50071014938532
WGN38C64,450,1,450,-0.006782607017852,0.000889007646576598,1.52248399143598,1.51570138441813
WGN38C65,451,1,451,-0.00892854568639142,0.000873307442034769,1.52248399143598,1.51355544574959
WGN38C66,452,1,452,-0.00455168268940309,0.000911898063748869,1.52248399143598,1.51793230874658
WGN38C67,453,1,453,-0.00898698398639742,0.000948885470165193,1.52248399143598,1.51349700744958
WGN38C68,454,1,454,-0.00233096272393083,0.000884900060898346,1.52248399143598,1.52015302871205
WGN38C69,455,1,455,0.00703093851385808,0.000875827225873107,1.52248399143598,1.52951492994984
WGN38C71,456,1,456,-0.0148696592885238,0.000900628705773614,1.52248399143598,1.50761433214746
WGN38C72,457,1,457,-0.00775921250890462,0.000880432230241995,1.52248399143598,1.51472477892707
WGN38C73,458,1,458,-0.0630608074063596,0.000908431338843475,1.52248399143598,1.45942318402962
WGN38C75,459,1,459,-0.0193975935907954,0.000879098132009497,1.52248399143598,1.50308639784518
WGN38C76,460,1,460,-0.00640953112776187,0.000912517608003283,1.52248399143598,1.51607446030822
WGN38C78,461,1,461,-0.00647251049162022,0.000901060850257139,1.52248399143598,1.51601148094436
WGN38C80,462,1,462,-0.00464768268823889,0.000898977925868763,1.52248399143598,1.51783630874774
WGN38D02,463,1,463,0.0227720568327857,0.000901673921468571,1.52248399143598,1.54525604826877
WGN38D03,464,1,464,0.000847155020963273,0.000923859959811572,1.52248399143598,1.52333114645694
WGN38D04,465,1,465,-0.00882632179995328,0.000989170278324226,1.52248399143598,1.51365766963603
WGN38D05,466,1,466,-0.0116733471658228,0.000891511577181731,1.52248399143598,1.51081064427016
WGN38D06,467,1,467,-0.0242823521009833,0.000902578590386995,1.52248399143598,1.498201639335
WGN38D07,468,1,468,-0.00164362261515942,0.000946360264253554,1.52248399143598,1.52084036882082
WGN38D08,469,1,469,-0.00653398520881311,0.00100159248580195,1.52248399143598,1.51595000622717
WGN38D10,470,1,470,-0.03582679950558,0.000878045204548427,1.52248399143598,1.4866571919304
WGN38D11,471,1,471,0.0142991104999647,0.000917203551936441,1.52248399143598,1.53678310193594
WGN38D13,472,1,472,-0.00427039351816182,0.000920888668938242,1.52248399143598,1.51821359791782
WGN38D14,473,1,473,-0.014012459251652,0.000892173191485612,1.52248399143598,1.50847153218433
WGN38D15,474,1,474,0.0022284778661723,0.000944013594877913,1.52248399143598,1.52471246930215
WGN38D16,475,1,475,-0.0286302927971481,0.000981919959395114,1.52248399143598,1.49385369863883
WGN38D18,476,1,476,0.0261756501324055,0.000937718546288756,1.52248399143598,1.54865964156838
WGN38D19,477,1,477,-0.0235368849626329,0.000925629479862405,1.52248399143598,1.49894710647335
WGN38D20,478,1,478,-0.0222805548511081,0.000895058633109269,1.52248399143598,1.50020343658487
WGN38D21,479,1,479,0.00644499886770419,0.00096618578020768,1.52248399143598,1.52892899030368
WGN38D24,480,1,480,0.00435861271165252,0.000865680454745766,1.52248399143598,1.52684260414763
WGN38D25,481,1,481,-0.0184040982919431,0.000974939253398421,1.52248399143598,1.50407989314404
WGN38D26,482,1,482,0.0151633326017598,0.000940522902995898,1.52248399143598,1.53764732403774
WGN38D27,483,1,483,-0.0102295179386508,0.000912265646999618,1.52248399143598,1.51225447349733
WGN38D28,484,1,484,-0.00176791372751114,0.000899861831024605,1.52248399143598,1.52071607770847
WGN38D32,485,1,485,-0.00905053345766594,0.000978110937606071,1.52248399143598,1.51343345797831
WGN38D33,486,1,486,0.00173390366426957,0.00100639517981958,1.52248399143598,1.52421789510025
WGN38D34,487,1,487,-0.0479731950715165,0.00093344068518675,1.52248399143598,1.47451079636446
WGN38D35,488,1,488,-9.24920268903905e-05,0.000922840267647699,1.52248399143598,1.52239149940909
WGN39C01,489,1,489,0.0163699975692567,0.000999050868065276,1.52248399143598,1.53885398900524
WGN39C02,490,1,490,0.00576681452828303,0.00101083903852742,1.52248399143598,1.52825080596426
WGN39C03,491,1,491,0.00904314059937288,0.00101777628337284,1.52248399143598,1.53152713203535
WGN39C04,492,1,492,0.0192155387423235,0.000971249893084194,1.52248399143598,1.5416995301783
WGN39C05,493,1,493,-0.0165670192137097,0.00100218040699635,1.52248399143598,1.50591697222227
WGN39C08,494,1,494,-0.0206539219718919,0.000963070879686648,1.52248399143598,1.50183006946409
WGN39C09,495,1,495,-0.0050576207595569,0.000984286379468661,1.52248399143598,1.51742637067642
WGN39C10,496,1,496,-0.0245753286035724,0.00103853411516071,1.52248399143598,1.49790866283241
WGN39C11,497,1,497,-0.00669400729138562,0.00104214346771029,1.52248399143598,1.51578998414459
WGN39C13,498,1,498,0.018233439730653,0.00101599271048181,1.52248399143598,1.54071743116663
WGN39C15,499,1,499,-0.00412435997843425,0.00101138792967551,1.52248399143598,1.51835963145755
WGN39C16,500,1,500,0.0113468196887338,0.00101407776721783,1.52248399143598,1.53383081112471
WGN39C18,501,1,501,-0.0244174909793575,0.000999751933452586,1.52248399143598,1.49806650045662
WGN39C19,502,1,502,0.0161136819856702,0.00101609339822141,1.52248399143598,1.53859767342165
WGN39C20,503,1,503,0.0178810961339055,0.00100566780871899,1.52248399143598,1.54036508756988
WGN39C21,504,1,504,-0.0131738915971423,0.000986133953758515,1.52248399143598,1.50931009983884
WGN39C22,505,1,505,0.010533417779145,0.00101293827578099,1.52248399143598,1.53301740921512
WGN39C23,506,1,506,0.000865212364242963,0.00101151995203462,1.52248399143598,1.52334920380022
WGN39C24,507,1,507,-0.00380224321413354,0.00100676882162315,1.52248399143598,1.51868174822185
WGN39C25,508,1,508,0.020346398540687,0.0010317881332676,1.52248399143598,1.54283038997667
WGN39C26,509,1,509,0.00372967631932601,0.000991446158779622,1.52248399143598,1.52621366775531
WGN39C27,510,1,510,-0.00265705389929537,0.00104659959417955,1.52248399143598,1.51982693753668
WGN39C28,511,1,511,-0.0250038189756444,0.000975315579429936,1.52248399143598,1.49748017246034
WGN39C29,512,1,512,0.0123070187961379,0.000975140302216199,1.52248399143598,1.53479101023212
WGN39C31,513,1,513,-9.83428220585234e-05,0.000976071089076175,1.52248399143598,1.52238564861392
WGN39C32,514,1,514,-0.000984189565404321,0.000993174675582341,1.52248399143598,1.52149980187057
WGN39C33,515,1,515,-0.000765841994261189,0.00100215994889506,1.52248399143598,1.52171814944172
WGN39C34,516,1,516,0.00943826725941842,0.000961319169790917,1.52248399143598,1.5319222586954
WGN39C35,517,1,517,-0.0132397385683764,0.000988935835510828,1.52248399143598,1.5092442528676
WGN39C36,518,1,518,-0.00834463197227522,0.000983001136262371,1.52248399143598,1.5141393594637
WGN39C37,519,1,519,0.00349063642955988,0.000976923776056006,1.52248399143598,1.52597462786554
WGN39C38,520,1,520,-0.00889280146692237,0.000961848342090756,1.52248399143598,1.51359118996906
WGN39C40,521,1,521,0.00408719775800719,0.000969354134093689,1.52248399143598,1.52657118919399
WGN39C41,522,1,522,0.0146134453935748,0.00107271022572083,1.52248399143598,1.53709743682955
WGN39C43,523,1,523,-0.00574828849083578,0.000984696933654884,1.52248399143598,1.51673570294514
WGN39C48,524,1,524,0.0149474651676387,0.0010395707201042,1.52248399143598,1.53743145660362
WGN39C51,525,1,525,-0.00260799853314157,0.001011713180753,1.52248399143598,1.51987599290284
WGN39C54,526,1,526,-0.0014839814837021,0.000991524156040581,1.52248399143598,1.52100000995228
WGN39C55,527,1,527,-0.0111463563024375,0.00105424157825807,1.52248399143598,1.51133763513354
WGN39C56,528,1,528,0.000926097078826392,0.000997154698244795,1.52248399143598,1.52341008851481
WGN39C57,529,1,529,-0.00253068237511146,0.000973004586746218,1.52248399143598,1.51995330906087
WGN39C58,530,1,530,0.0160502150898227,0.000988538871422551,1.52248399143598,1.5385342065258
WGN39C59,531,1,531,0.0169370618406174,0.00098730917378383,1.52248399143598,1.5394210532766
WGN39C62,532,1,532,-0.0101117927744082,0.000992769505174397,1.52248399143598,1.51237219866157
WGN39C63,533,1,533,-0.0635760778277172,0.000946630029744918,1.52248399143598,1.45890791360826
WGN39D01,534,1,534,-0.013250982705586,0.00106162528113771,1.52248399143598,1.50923300873039
WGN39D02,535,1,535,-0.0319757428771459,0.00100403097396956,1.52248399143598,1.49050824855883
WGN39D03,536,1,536,-0.0186391627610437,0.00108649189389523,1.52248399143598,1.50384482867494
WGN39D04,537,1,537,-0.0659443755487124,0.00103314602851597,1.52248399143598,1.45653961588727
WGN39D06,538,1,538,-0.00332486219267615,0.00102861868609975,1.52248399143598,1.5191591292433
WGN39D08,539,1,539,-0.000510014614718552,0.00101224288468334,1.52248399143598,1.52197397682126
WGN39D09,540,1,540,-0.0314684372585873,0.00101356277284083,1.52248399143598,1.49101555417739
WGN39D12,541,1,541,-0.0120744989141497,0.00100274143627891,1.52248399143598,1.51040949252183
WGN39D13,542,1,542,-0.000239421840671884,0.00103649801017208,1.52248399143598,1.52224456959531
WGN39D15,543,1,543,-0.0346985803552438,0.00100636639512476,1.52248399143598,1.48778541108074
WGN39D16,544,1,544,-0.0134024600191242,0.00102531667873271,1.52248399143598,1.50908153141686
WGN39D17,545,1,545,-0.0271332206340979,0.0010034856704743,1.52248399143598,1.49535077080188
WGN39D18,546,1,546,-0.0236397137463158,0.00102578839741791,1.52248399143598,1.49884427768966
WGN39D20,547,1,547,0.0119019840427796,0.00100215640081115,1.52248399143598,1.53438597547876
WGN39D21,548,1,548,-0.0173645594800842,0.000989098657129948,1.52248399143598,1.5051194319559
WGN39D22,549,1,549,-0.020722016976794,0.00101842069556554,1.52248399143598,1.50176197445919
WGN39D25,550,1,550,0.00253507756403257,0.00101519688509856,1.52248399143598,1.52501906900001
WGN39D26,551,1,551,-0.0176028539946312,0.00100466425303844,1.52248399143598,1.50488113744135
WGN39D27,552,1,552,-0.0123662452528306,0.0010638406799622,1.52248399143598,1.51011774618315
WGN39D28,553,1,553,0.0329026977619635,0.00101184372583394,1.52248399143598,1.55538668919794
WGN39D29,554,1,554,0.011376151914216,0.00100679547143761,1.52248399143598,1.5338601433502
WGN39D30,555,1,555,-0.0330279210307149,0.00104249334752917,1.52248399143598,1.48945607040526
WGN39D32,556,1,556,-0.0142956005050455,0.000999280664641992,1.52248399143598,1.50818839093093
WGN39D33,557,1,557,-0.00157478963052992,0.00105189775969035,1.52248399143598,1.52090920180545
WGN39D34,558,1,558,-0.0240944881906065,0.00105322318555893,1.52248399143598,1.49838950324537
WGN39D35,559,1,559,-0.00626542641848538,0.00101430640981032,1.52248399143598,1.51621856501749
WGN39D36,560,1,560,0.00449424210780783,0.00102624429354052,1.52248399143598,1.52697823354379
WGN39D37,561,1,561,0.00102063397525657,0.000990188037228906,1.52248399143598,1.52350462541124
WGN39D38,562,1,562,0.00394787051965651,0.00101319027478983,1.52248399143598,1.52643186195564
WGN39D39,563,1,563,0.0126715676745562,0.00102903716694339,1.52248399143598,1.53515555911054
WGN39D40,564,1,564,-0.00470819556331912,0.00106979299467577,1.52248399143598,1.51777579587266
WGN39D41,565,1,565,0.0255360600853955,0.000958722929518685,1.52248399143598,1.54802005152137
WGN39D42,566,1,566,0.00220218041871555,0.00099519675721095,1.52248399143598,1.52468617185469
WGN39D43,567,1,567,0.000434412861528488,0.00105183640270319,1.52248399143598,1.52291840429751
WGN39D45,568,1,568,-0.0194517231476366,0.00103560014417476,1.52248399143598,1.50303226828834
WGN39D47,569,1,569,-0.0267327794770029,0.00109530545029948,1.52248399143598,1.49575121195898
WGN39D48,570,1,570,0.000218587255339923,0.000997709895754563,1.52248399143598,1.52270257869132
WGN39D49,571,1,571,-0.00850517752043063,0.000981963678813911,1.52248399143598,1.51397881391555
WGN39D51,572,1,572,0.000136292908635277,0.0010133507225695,1.52248399143598,1.52262028434461
WGN39D52,573,1,573,0.00179043999302098,0.00098383685785551,1.52248399143598,1.524274431429
WGN39D53,574,1,574,0.0112025266607101,0.00101342106803107,1.52248399143598,1.53368651809669
WGN39D54,575,1,575,-0.00250173442060462,0.000992739768384618,1.52248399143598,1.51998225701537
WGN39D55,576,1,576,0.0181616223995552,0.00100917905003001,1.52248399143598,1.54064561383553
WGN39D56,577,1,577,-0.00979500278702174,0.00102979335193582,1.52248399143598,1.51268898864896
WGN39D58,578,1,578,0.00591204536694397,0.00106242652957438,1.52248399143598,1.52839603680292
WGN39D59,579,1,579,-0.0109405396220394,0.000995196955075931,1.52248399143598,1.51154345181394
WGN39D61,580,1,580,-0.00665388219930032,0.00101963116649643,1.52248399143598,1.51583010923668
WGN39D62,581,1,581,0.00190770213962241,0.00101709951964856,1.52248399143598,1.5243916935756
WGN39D65,582,1,582,0.0214776028311429,0.00103159977821442,1.52248399143598,1.54396159426712
WGN45C01,583,1,583,-0.0119942089255201,0.000905397989375645,1.52248399143598,1.51048978251046
WGN45C03,584,1,584,0.00655299775946227,0.000892965963629033,1.52248399143598,1.52903698919544
WGN45C04,585,1,585,0.0156388793885173,0.000961063862572646,1.52248399143598,1.5381228708245
WGN45C05,586,1,586,0.0105456027249856,0.000891957929536631,1.52248399143598,1.53302959416096
WGN45C06,587,1,587,0.00275412911258587,0.000986026662654631,1.52248399143598,1.52523812054857
WGN45C07,588,1,588,0.0148582876683351,0.000963087877282651,1.52248399143598,1.53734227910431
WGN45C08,589,1,589,0.0147666383155181,0.000926183816776418,1.52248399143598,1.5372506297515
WGN45C09,590,1,590,0.0278644176297499,0.000909270492813887,1.52248399143598,1.55034840906573
WGN45C10,591,1,591,0.0178684059779149,0.000920113134158903,1.52248399143598,1.54035239741389
WGN45C12,592,1,592,-0.000318756597033214,0.000935538552627088,1.52248399143598,1.52216523483895
WGN45C13,593,1,593,0.0102617702282778,0.000884979930883633,1.52248399143598,1.53274576166426
WGN45C15,594,1,594,-0.063578871892021,0.000968750590175324,1.52248399143598,1.45890511954396
WGN45C16,595,1,595,0.0221048997521636,0.000938860492493303,1.52248399143598,1.54458889118814
WGN45C18,596,1,596,0.00975188978038898,0.000910353368323318,1.52248399143598,1.53223588121637
WGN45C19,597,1,597,-0.00399643436605323,0.000918994020601208,1.52248399143598,1.51848755706993
WGN45C21,598,1,598,0.0165695323919081,0.000928770558700863,1.52248399143598,1.53905352382789
WGN45C22,599,1,599,0.0135692990405696,0.000986007890593996,1.52248399143598,1.53605329047655
WGN45C23,600,1,600,-0.0268322798750615,0.000928855695806113,1.52248399143598,1.49565171156092
WGN45C24,601,1,601,0.0106415483873709,0.000866189259171479,1.52248399143598,1.53312553982335
WGN45C25,602,1,602,-0.0145327364005935,0.000921677148573348,1.52248399143598,1.50795125503539
WGN45C27,603,1,603,-0.0152605407269716,0.000976803405811527,1.52248399143598,1.50722345070901
WGN45C28,604,1,604,0.0134493961121025,0.000983499232881068,1.52248399143598,1.53593338754808
WGN45C29,605,1,605,0.0385190836954058,0.000960884921038869,1.52248399143598,1.56100307513139
WGN45C30,606,1,606,0.0330282902154819,0.000897720381680879,1.52248399143598,1.55551228165146
WGN45C31,607,1,607,0.00298839354748373,0.000933369566410584,1.52248399143598,1.52547238498346
WGN45C33,608,1,608,-0.00777442474753572,0.00094691632668062,1.52248399143598,1.51470956668844
WGN45C34,609,1,609,-0.0140703651319023,0.000984991265675093,1.52248399143598,1.50841362630408
WGN45C35,610,1,610,0.00689180772268226,0.000895704297525981,1.52248399143598,1.52937579915866
WGN45C37,611,1,611,0.0172145200193237,0.000960700357349229,1.52248399143598,1.5396985114553
WGN45C38,612,1,612,-0.01619928726702,0.000910214518280741,1.52248399143598,1.50628470416896
WGN45C39,613,1,613,0.00605041304774457,0.000953176130915158,1.52248399143598,1.52853440448372
WGN45C41,614,1,614,0.00782812011028861,0.000929140209775852,1.52248399143598,1.53031211154627
WGN45C43,615,1,615,0.0159871362969287,0.000957560716361898,1.52248399143598,1.53847112773291
WGN45C44,616,1,616,-0.0138197910384913,0.000929548899802606,1.52248399143598,1.50866420039749
WGN45C45,617,1,617,-0.0148942456190154,0.000938484786372701,1.52248399143598,1.50758974581696
WGN45C47,618,1,618,0.0245462350161581,0.000861606810896694,1.52248399143598,1.54703022645214
WGN45C48,619,1,619,-0.0695668902873406,0.000907673303413846,1.52248399143598,1.45291710114864
WGN45C50,620,1,620,-0.0108349948322841,0.000900433145023928,1.52248399143598,1.5116489966037
WGN45C51,621,1,621,-0.0018428772253737,0.000908353133480578,1.52248399143598,1.52064111421061
WGN45C52,622,1,622,0.0284969201173118,0.00091742917463871,1.52248399143598,1.55098091155329
WGN45C54,623,1,623,-0.0142528845106148,0.000907917161437672,1.52248399143598,1.50823110692536
WGN45C55,624,1,624,0.00452192967498406,0.000960469750953831,1.52248399143598,1.52700592111096
WGN45C56,625,1,625,0.0057131378107711,0.000902712134527461,1.52248399143598,1.52819712924675
WGN45C57,626,1,626,-0.0462903741970543,0.000932631542212409,1.52248399143598,1.47619361723893
WGN45C59,627,1,627,-0.0272540749149891,0.000926132362679715,1.52248399143598,1.49522991652099
WGN45C60,628,1,628,0.00121353947220093,0.000949223357851265,1.52248399143598,1.52369753090818
WGN45C61,629,1,629,0.0238766340783952,0.000948416519631265,1.52248399143598,1.54636062551437
WGN45C62,630,1,630,0.00478598629758219,0.000959288982313989,1.52248399143598,1.52726997773356
WGN45C64,631,1,631,-0.0150193427952944,0.000855057979238395,1.52248399143598,1.50746464864068
WGN45C65,632,1,632,0.00919591076953214,0.000935334555111344,1.52248399143598,1.53167990220551
WGN45D01,633,1,633,0.00837029438292716,0.000921590963728484,1.52248399143598,1.53085428581891
WGN45D02,634,1,634,-0.00101187418433883,0.000933338138991152,1.52248399143598,1.52147211725164
WGN45D03,635,1,635,-0.0331670752271406,0.00097747049583651,1.52248399143598,1.48931691620884
WGN45D04,636,1,636,0.00133364056017965,0.000954265110666254,1.52248399143598,1.52381763199616
WGN45D05,637,1,637,-0.0147691910428164,0.000915326139685225,1.52248399143598,1.50771480039316
WGN45D06,638,1,638,0.010094867069461,0.000955170620964465,1.52248399143598,1.53257885850544
WGN45D07,639,1,639,0.000108375659235858,0.000941400108708848,1.52248399143598,1.52259236709522
WGN45D08,640,1,640,0.0194453662800517,0.000950246501047334,1.52248399143598,1.54192935771603
WGN45D09,641,1,641,-0.0018586611062031,0.000925835777229035,1.52248399143598,1.52062533032978
WGN45D10,642,1,642,0.0320180517936483,0.000923069103582063,1.52248399143598,1.55450204322963
WGN45D11,643,1,643,0.0232711738878267,0.000938429753032057,1.52248399143598,1.54575516532381
WGN45D12,644,1,644,-0.0143469343982083,0.000956529214836759,1.52248399143598,1.50813705703777
WGN45D13,645,1,645,0.0241343490840816,0.000919056096847326,1.52248399143598,1.54661834052006
WGN45D14,646,1,646,0.0133301290665079,0.00092884009762096,1.52248399143598,1.53581412050249
WGN45D16,647,1,647,-0.0201211888049096,0.000941862472489567,1.52248399143598,1.50236280263107
WGN45D17,648,1,648,-0.00203733038327012,0.000919683732923069,1.52248399143598,1.52044666105271
WGN45D19,649,1,649,-0.00202080779268769,0.000944953573433012,1.52248399143598,1.52046318364329
WGN45D20,650,1,650,0.0206056912596572,0.000950144045096156,1.52248399143598,1.54308968269564
WGN45D21,651,1,651,-0.00321693745395196,0.00090300813621596,1.52248399143598,1.51926705398203
WGN45D22,652,1,652,0.00608060269818179,0.000916269125317242,1.52248399143598,1.52856459413416
WGN45D23,653,1,653,0.0233499251337996,0.000930941364642833,1.52248399143598,1.54583391656978
WGN45D24,654,1,654,0.0136055980596806,0.000891067177082447,1.52248399143598,1.53608958949566
WGN45D25,655,1,655,0.00727956913492323,0.00093291810090347,1.52248399143598,1.5297635605709
WGN45D26,656,1,656,0.0205286505389611,0.000931830288874025,1.52248399143598,1.54301264197494
WGN45D27,657,1,657,0.00447855145238533,0.0010881885526841,1.52248399143598,1.52696254288836
WGN45D28,658,1,658,0.00777561897633745,0.000954855783774703,1.52248399143598,1.53025961041232
WGN45D29,659,1,659,-0.00800578893002416,0.000891009019559664,1.52248399143598,1.51447820250596
WGN45D30,660,1,660,-0.0121456020226018,0.000977633064176278,1.52248399143598,1.51033838941338
WGN45D31,661,1,661,0.0142817298988959,0.000914857659688142,1.52248399143598,1.53676572133488
WGN45D32,662,1,662,0.0111585989325784,0.00093457437952403,1.52248399143598,1.53364259036856
WGN45D33,663,1,663,0.00633703788206975,0.00089354504918776,1.52248399143598,1.52882102931805
WGN45D34,664,1,664,0.0114676179250479,0.000936533056623891,1.52248399143598,1.53395160936103
WGN45D36,665,1,665,-0.000871774852613755,0.000975094547364662,1.52248399143598,1.52161221658337
WGN45D37,666,1,666,0.016933491549831,0.000935515247725589,1.52248399143598,1.53941748298581
WGN45D38,667,1,667,0.0135334811504239,0.000965865845993579,1.52248399143598,1.5360174725864
WGN45D39,668,1,668,-0.00547780070596171,0.000925133713254743,1.52248399143598,1.51700619073002
WGN45D40,669,1,669,-0.00591199317637928,0.000956731208542386,1.52248399143598,1.5165719982596
WGN45D41,670,1,670,0.0300479080764949,0.000944414502293214,1.52248399143598,1.55253189951247
WGN45D42,671,1,671,0.0142439035699089,0.000947283879066215,1.52248399143598,1.53672789500589
WGN45D43,672,1,672,-0.018071712529496,0.00100488962541144,1.52248399143598,1.50441227890648
WGN45D44,673,1,673,-0.00681453295715042,0.000886847937148208,1.52248399143598,1.51566945847883
WGN45D45,674,1,674,0.00386187986942811,0.00089362209348552,1.52248399143598,1.52634587130541
WGN45D46,675,1,675,0.00967287863117502,0.000923126272202323,1.52248399143598,1.53215687006715
WGN45D47,676,1,676,-0.0101273850390984,0.000901561408774579,1.52248399143598,1.51235660639688
WGN45D48,677,1,677,0.00338358672007391,0.000935363998816785,1.52248399143598,1.52586757815605
WGN45D49,678,1,678,-0.0162421032492851,0.00100138957502608,1.52248399143598,1.50624188818669
WGN45D50,679,1,679,-0.00730262946201171,0.000976906266007991,1.52248399143598,1.51518136197397
WGN45D51,680,1,680,0.0267679744411384,0.000912358453655498,1.52248399143598,1.54925196587712
WGN45D52,681,1,681,-0.00365140373918947,0.000894241872281864,1.52248399143598,1.51883258769679
WGN45D53,682,1,682,0.0104663380058481,0.000887080294915502,1.52248399143598,1.53295032944183
WGN45D54,683,1,683,0.00169145210729598,0.000938081865853791,1.52248399143598,1.52417544354328
WGN45D55,684,1,684,0.035745336399977,0.000950914691161214,1.52248399143598,1.55822932783596
WGN45D56,685,1,685,0.0129877487413163,0.000964817426000609,1.52248399143598,1.5354717401773
WGN45D57,686,1,686,0.0309356558681618,0.000979754468116107,1.52248399143598,1.55341964730414
WGN45D58,687,1,687,0.0245191535975002,0.000983731164269452,1.52248399143598,1.54700314503348
WGN45D59,688,1,688,0.0195868547178868,0.00094553384503075,1.52248399143598,1.54207084615387
WGN45D60,689,1,689,0.000972260636765247,0.000967387408571499,1.52248399143598,1.52345625207274
WGN45D61,690,1,690,-0.00101752305524915,0.000893658953704797,1.52248399143598,1.52146646838073
WGN45D62,691,1,691,-0.00413601876986084,0.000932351395476314,1.52248399143598,1.51834797266612
WGN45D63,692,1,692,-0.0236001975629645,0.000940023579770535,1.52248399143598,1.49888379387301
WGN45D64,693,1,693,0.00246973923582476,0.00092716602181079,1.52248399143598,1.5249537306718
WGN46C01,694,1,694,0.00141132670852362,0.00102357489786959,1.52248399143598,1.5238953181445
WGN46C02,695,1,695,-0.00629056478636675,0.00104694413704306,1.52248399143598,1.51619342664961
WGN46C04,696,1,696,-0.0106958306823933,0.00100857705070691,1.52248399143598,1.51178816075359
WGN46C05,697,1,697,-0.0258693326683645,0.00110924471484609,1.52248399143598,1.49661465876761
WGN46C06,698,1,698,-0.00463444270274959,0.00101377863434442,1.52248399143598,1.51784954873323
WGN46C07,699,1,699,0.0062557556744369,0.00101017367098623,1.52248399143598,1.52873974711042
WGN46C08,700,1,700,-0.0348576562328838,0.00097094026330668,1.52248399143598,1.4876263352031
WGN46C09,701,1,701,0.0160271327798284,0.00104975812815499,1.52248399143598,1.53851112421581
WGN46C10,702,1,702,0.015522675725045,0.000971293036503618,1.52248399143598,1.53800666716102
WGN46C11,703,1,703,-0.0149703432123799,0.000942393524906259,1.52248399143598,1.5075136482236
WGN46C12,704,1,704,-0.0441492876062344,0.000999605748405407,1.52248399143598,1.47833470382974
WGN46C13,705,1,705,-0.0216909469723127,0.00101021869200111,1.52248399143598,1.50079304446367
WGN46C14,706,1,706,-0.00821559438795891,0.000986291429451787,1.52248399143598,1.51426839704802
WGN46C15,707,1,707,-0.00459922239578307,0.00102711715562263,1.52248399143598,1.5178847690402
WGN46C16,708,1,708,0.00229995519047438,0.000968731506570989,1.52248399143598,1.52478394662645
WGN46C17,709,1,709,0.0172804729308464,0.00108230528226571,1.52248399143598,1.53976446436683
WGN46C19,710,1,710,-0.00569751503480642,0.00103591706601813,1.52248399143598,1.51678647640117
WGN46C21,711,1,711,0.0257774838603359,0.000996413930965162,1.52248399143598,1.54826147529632
WGN46C22,712,1,712,-0.00203542713333241,0.0010602247310293,1.52248399143598,1.52044856430265
WGN46C24,713,1,713,-0.0340069714706151,0.00107470740169453,1.52248399143598,1.48847701996536
WGN46C25,714,1,714,-0.0213761193499878,0.00107169340149932,1.52248399143598,1.50110787208599
WGN46C27,715,1,715,-0.0239526552850768,0.00103662702206989,1.52248399143598,1.4985313361509
WGN46C28,716,1,716,-0.029226280095529,0.00107663104448313,1.52248399143598,1.49325771134045
WGN46C30,717,1,717,-0.0183320414870558,0.00104637650046072,1.52248399143598,1.50415194994892
WGN46C31,718,1,718,-0.0249782360543626,0.00103641182345803,1.52248399143598,1.49750575538162
WGN46C32,719,1,719,-0.00277346910854819,0.000995231046659896,1.52248399143598,1.51971052232743
WGN46C33,720,1,720,0.00743282996868224,0.000999516406134493,1.52248399143598,1.52991682140466
WGN46C34,721,1,721,-0.0163636323708825,0.000999272709302589,1.52248399143598,1.5061203590651
WGN46C35,722,1,722,-0.00416725675861682,0.00100184344929767,1.52248399143598,1.51831673467736
WGN46C36,723,1,723,0.00625973460573759,0.000979458230372151,1.52248399143598,1.52874372604172
WGN46C37,724,1,724,-0.0272088316598882,0.00103029480329668,1.52248399143598,1.49527515977609
WGN46C38,725,1,725,-0.0101295189196135,0.000992750780133018,1.52248399143598,1.51235447251637
WGN46C40,726,1,726,-0.031783291272049,0.00099258444946404,1.52248399143598,1.49070070016393
WGN46C41,727,1,727,-0.01979343975552,0.00102867410412363,1.52248399143598,1.50269055168046
WGN46C42,728,1,728,-0.0112982043764533,0.00107559339804172,1.52248399143598,1.51118578705953
WGN46C43,729,1,729,-0.0242506361340917,0.00106671078181497,1.52248399143598,1.49823335530189
WGN46C44,730,1,730,-0.0441615174997405,0.000988408782121805,1.52248399143598,1.47832247393624
WGN46C45,731,1,731,-0.00286266884371097,0.00101479341517278,1.52248399143598,1.51962132259227
WGN46C46,732,1,732,-0.0231876369787508,0.00105958666590934,1.52248399143598,1.49929635445723
WGN46C47,733,1,733,-0.0192793225603277,0.000995031208025288,1.52248399143598,1.50320466887565
WGN46C48,734,1,734,0.00268490572636582,0.00104320600224987,1.52248399143598,1.52516889716235
WGN46C51,735,1,735,-0.00280622381757439,0.00102153818663194,1.52248399143598,1.51967776761841
WGN46C52,736,1,736,-0.0530775623133085,0.000985025706852507,1.52248399143598,1.46940642912267
WGN46C54,737,1,737,-0.0411757942021546,0.00101829127060916,1.52248399143598,1.48130819723382
WGN46C55,738,1,738,-0.0270958748106585,0.00102611477394454,1.52248399143598,1.49538811662532
WGN46C56,739,1,739,-0.0334996953644837,0.00105064476341746,1.52248399143598,1.4889842960715
WGN46C57,740,1,740,-0.0181279053674344,0.000998625302523339,1.52248399143598,1.50435608606854
WGN46C58,741,1,741,-0.0169119081978607,0.000993420555466474,1.52248399143598,1.50557208323812
WGN46C59,742,1,742,-0.0232794192730778,0.00102016903536234,1.52248399143598,1.4992045721629
WGN46C60,743,1,743,-0.0194232397510371,0.00100256785380409,1.52248399143598,1.50306075168494
WGN46C61,744,1,744,-0.00246247119839055,0.000993202598048202,1.52248399143598,1.52002152023759
WGN46C62,745,1,745,0.00892548047190252,0.000978409719966254,1.52248399143598,1.53140947190788
WGN46C63,746,1,746,-0.0143580309533541,0.0010112827164891,1.52248399143598,1.50812596048263
WGN46C64,747,1,747,-0.0205512176045818,0.00101702564629113,1.52248399143598,1.5019327738314
WGN46C65,748,1,748,-0.00497057157030491,0.00103434121173182,1.52248399143598,1.51751341986567
WGN46D01,749,1,749,-0.00985355488438009,0.00100114557220569,1.52248399143598,1.5126304365516
WGN46D02,750,1,750,0.00398516931363791,0.00103122671954684,1.52248399143598,1.52646916074962
WGN46D03,751,1,751,-0.0180313212702077,0.000996342208699126,1.52248399143598,1.50445267016577
WGN46D04,752,1,752,-0.0147966197051737,0.000988241117599771,1.52248399143598,1.50768737173081
WGN46D06,753,1,753,-0.00339104972186355,0.00102755700789216,1.52248399143598,1.51909294171412
WGN46D07,754,1,754,-0.0438813002558165,0.00104283243947338,1.52248399143598,1.47860269118016
WGN46D08,755,1,755,-0.0467726156579625,0.00105410260526996,1.52248399143598,1.47571137577802
WGN46D09,756,1,756,-0.042630805113623,0.00107108691995796,1.52248399143598,1.47985318632236
WGN46D10,757,1,757,-0.0262862385600329,0.00103096075743589,1.52248399143598,1.49619775287595
WGN46D11,758,1,758,-0.0093674575798459,0.00104707655240954,1.52248399143598,1.51311653385613
WGN46D12,759,1,759,-0.0143235885857544,0.000966269159786965,1.52248399143598,1.50816040285022
WGN46D13,760,1,760,-0.0407756170559303,0.00105385870865001,1.52248399143598,1.48170837438005
WGN46D14,761,1,761,-0.0163661425146417,0.00100112641041576,1.52248399143598,1.50611784892134
WGN46D15,762,1,762,-0.0169993757924662,0.000968873891537589,1.52248399143598,1.50548461564351
WGN46D16,763,1,763,-0.0161822137533041,0.00100350368916746,1.52248399143598,1.50630177768268
WGN46D17,764,1,764,-0.0188301598207296,0.000988487738819181,1.52248399143598,1.50365383161525
WGN46D18,765,1,765,-0.037221678227153,0.00104277043014483,1.52248399143598,1.48526231320883
WGN46D19,766,1,766,-0.0324150993964659,0.00102624230156712,1.52248399143598,1.49006889203951
WGN46D20,767,1,767,-0.0175395202179562,0.00106086507250158,1.52248399143598,1.50494447121802
WGN46D21,768,1,768,-0.00653019023655617,0.00102521920328264,1.52248399143598,1.51595380119942
WGN46D22,769,1,769,-0.0103325717773712,0.00102549646229856,1.52248399143598,1.51215141965861
WGN46D23,770,1,770,-0.042669505037576,0.00106966129608908,1.52248399143598,1.4798144863984
WGN46D24,771,1,771,-0.0257136858123694,0.00103233293693415,1.52248399143598,1.49677030562361
WGN46D25,772,1,772,-0.00392048600519204,0.000989936827116195,1.52248399143598,1.51856350543079
WGN46D26,773,1,773,-0.00528933380159894,0.00100224358628927,1.52248399143598,1.51719465763438
WGN46D27,774,1,774,0.000311258168068122,0.00102495531707199,1.52248399143598,1.52279524960405
WGN46D28,775,1,775,-0.0230856206642109,0.00103837384691847,1.52248399143598,1.49939837077177
WGN46D29,776,1,776,-0.0177071740225398,0.00101417607145828,1.52248399143598,1.50477681741344
WGN46D30,777,1,777,-0.00677201739593226,0.00108867180977824,1.52248399143598,1.51571197404005
WGN46D31,778,1,778,-0.0350246635154469,0.00100461991294687,1.52248399143598,1.48745932792053
WGN46D32,779,1,779,0.0112872099223224,0.00104477667959919,1.52248399143598,1.5337712013583
WGN46D33,780,1,780,-0.0344391659924051,0.00102375338455751,1.52248399143598,1.48804482544357
WGN46D34,781,1,781,-0.0109517059636823,0.00106187624509433,1.52248399143598,1.5115322854723
WGN46D35,782,1,782,-0.0277909802817467,0.00104834863758724,1.52248399143598,1.49469301115423
WGN46D36,783,1,783,-0.0286942761848866,0.00103104649511609,1.52248399143598,1.49378971525109
WGN46D37,784,1,784,-0.0199942573534879,0.00101475954371609,1.52248399143598,1.50248973408249
WGN46D38,785,1,785,-0.0102785663549225,0.00104627216456863,1.52248399143598,1.51220542508106
WGN46D39,786,1,786,-0.00811170571291641,0.00109543113091277,1.52248399143598,1.51437228572306
WGN46D40,787,1,787,-0.00968008071360524,0.000978347609492055,1.52248399143598,1.51280391072237
WGN46D41,788,1,788,-0.00618324185586043,0.00101620983934926,1.52248399143598,1.51630074958012
WGN46D42,789,1,789,0.00635693451022779,0.00102182778376779,1.52248399143598,1.52884092594621
WGN46D44,790,1,790,-0.00897220571159068,0.00105275382272107,1.52248399143598,1.51351178572439
WGN46D45,791,1,791,-0.0273930651523403,0.000951370016744923,1.52248399143598,1.49509092628364
WGN46D46,792,1,792,-0.0481249209977897,0.00101400809066518,1.52248399143598,1.47435907043819
WGN46D47,793,1,793,0.000285230527331763,0.00104925952582884,1.52248399143598,1.52276922196331
WGN46D48,794,1,794,-0.0317485716061421,0.00111076965336197,1.52248399143598,1.49073541982984
WGN46D49,795,1,795,0.00544073520313201,0.000974540748400704,1.52248399143598,1.52792472663911
WGN46D51,796,1,796,0.000606589200738635,0.000995144740146878,1.52248399143598,1.52309058063672
WGN46D52,797,1,797,-0.0302286772674147,0.00104759895682703,1.52248399143598,1.49225531416856
WGN46D53,798,1,798,-0.0032216765798989,0.00102237781872079,1.52248399143598,1.51926231485608
WGN46D54,799,1,799,-0.0315412966838058,0.00102770720766542,1.52248399143598,1.49094269475217
WGN46D55,800,1,800,0.00624134968218573,0.00106877048169224,1.52248399143598,1.52872534111817
WGN46D56,801,1,801,-0.0251936212984607,0.000884515575867829,1.52248399143598,1.49729037013752
WGN46D57,802,1,802,-0.00873065709117413,0.00104157203260818,1.52248399143598,1.51375333434481
WGN46D58,803,1,803,-0.00847611451067763,0.00100880159490467,1.52248399143598,1.5140078769253
WGN46D59,804,1,804,-0.0681503791191556,0.0010182039371196,1.52248399143598,1.45433361231682
WGN46D60,805,1,805,0.0132356550368158,0.000975024152363396,1.52248399143598,1.5357196464728
WGN46D61,806,1,806,-0.0321686261609604,0.00101561905154159,1.52248399143598,1.49031536527502
WGN46D62,807,1,807,-0.00319207898087519,0.00108727549207923,1.52248399143598,1.5192919124551
WGN46D63,808,1,808,-0.0221231158846715,0.00102339781401097,1.52248399143598,1.50036087555131
WGN46D64,809,1,809,-0.0109675326363529,0.00102269585453832,1.52248399143598,1.51151645879963
WGN46D65,810,1,810,-0.0217569340179389,0.00100435139724142,1.52248399143598,1.50072705741804
WGN55C01,811,1,811,-0.0191202765990113,0.000965615442067732,1.52248399143598,1.50336371483697
WGN55C02,812,1,812,-0.0243760982831147,0.000820645762005351,1.52248399143598,1.49810789315286
WGN55C03,813,1,813,0.00477133632534074,0.00100888857577601,1.52248399143598,1.52725532776132
WGN55C04,814,1,814,0.008061663831211,0.00103367294054455,1.52248399143598,1.53054565526719
WGN55C05,815,1,815,-0.0116587901227373,0.000975592585107258,1.52248399143598,1.51082520131324
WGN55C06,816,1,816,-0.0202851163627768,0.000995929962934819,1.52248399143598,1.5021988750732
WGN55C07,817,1,817,0.00374131880594111,0.000971944962798102,1.52248399143598,1.52622531024192
WGN55C08,818,1,818,-0.0258715995054215,0.00098005658286327,1.52248399143598,1.49661239193056
WGN55C09,819,1,819,-0.0100288032447635,0.0010111705849788,1.52248399143598,1.51245518819122
WGN55C10,820,1,820,-0.0120262779140284,0.00100116266086899,1.52248399143598,1.51045771352195
WGN55C11,821,1,821,-0.0170795103053111,0.000986718038328108,1.52248399143598,1.50540448113067
WGN55C12,822,1,822,-0.00290016116304139,0.000958749018365122,1.52248399143598,1.51958383027294
WGN55C13,823,1,823,-0.00617944342172424,0.000865445277897907,1.52248399143598,1.51630454801426
WGN55C14,824,1,824,0.0112993974572789,0.000983749164678096,1.52248399143598,1.53378338889326
WGN55C15,825,1,825,0.0011693785897923,0.000976811005982455,1.52248399143598,1.52365337002577
WGN55C16,826,1,826,-0.00631462951689709,0.00107030303813794,1.52248399143598,1.51616936191908
WGN55C17,827,1,827,-0.0221037766437771,0.000957335747060918,1.52248399143598,1.5003802147922
WGN55C18,828,1,828,0.00722134360679434,0.00100927367085157,1.52248399143598,1.52970533504277
WGN55C19,829,1,829,-0.00510903621278645,0.00103483784345668,1.52248399143598,1.51737495522319
WGN55C21,830,1,830,-0.0244065707726071,0.0010309539435969,1.52248399143598,1.49807742066337
WGN55C22,831,1,831,0.00274637198271684,0.000925310666072536,1.52248399143598,1.5252303634187
WGN55C24,832,1,832,-0.00457589124108776,0.000948443850119659,1.52248399143598,1.51790810019489
WGN55C25,833,1,833,0.000223773107440826,0.000967627295263907,1.52248399143598,1.52270776454342
WGN55C28,834,1,834,-0.000996816081234914,0.000996621174984539,1.52248399143598,1.52148717535474
WGN55C29,835,1,835,-0.000813747293672639,0.000940480289446708,1.52248399143598,1.52167024414231
WGN55C30,836,1,836,-0.0630395301304075,0.00101580072115641,1.52248399143598,1.45944446130557
WGN55C33,837,1,837,-0.0176433251444993,0.00101273829605522,1.52248399143598,1.50484066629148
WGN55C35,838,1,838,0.0158793672708442,0.000967225693520367,1.52248399143598,1.53836335870682
WGN55C37,839,1,839,-0.0299814223167079,0.00101857166957115,1.52248399143598,1.49250256911927
WGN55C39,840,1,840,-0.0183931228398987,0.000959879540805291,1.52248399143598,1.50409086859608
WGN55C41,841,1,841,-0.00592922143920365,0.00103692061182852,1.52248399143598,1.51655476999678
WGN55C42,842,1,842,0.0167230894813943,0.00104691489167076,1.52248399143598,1.53920708091737
WGN55C43,843,1,843,-0.0275850696335257,0.000987367168065395,1.52248399143598,1.49489892180245
WGN55C44,844,1,844,-0.0135908514276314,0.000998657987265279,1.52248399143598,1.50889314000835
WGN55C45,845,1,845,0.00323633384591524,0.000952453923612744,1.52248399143598,1.52572032528189
WGN55C47,846,1,846,0.00512691725532385,0.00100716661662509,1.52248399143598,1.5276109086913
WGN55C48,847,1,847,-0.0265561866321292,0.00100219148895316,1.52248399143598,1.49592780480385
WGN55C49,848,1,848,-0.00176056162566552,0.000993922713485416,1.52248399143598,1.52072342981031
WGN55C50,849,1,849,-0.00732219346977871,0.0010144588148534,1.52248399143598,1.5151617979662
WGN55C51,850,1,850,-0.0117152338455016,0.00100234861267452,1.52248399143598,1.51076875759048
WGN55C52,851,1,851,-0.000872717384466016,0.00105540115976253,1.52248399143598,1.52161127405151
WGN55C53,852,1,852,0.00765258004777654,0.00105270543857807,1.52248399143598,1.53013657148376
WGN55C54,853,1,853,0.00999040906265583,0.000994559758891061,1.52248399143598,1.53247440049864
WGN55C55,854,1,854,-0.00797928028377127,0.00103398533370676,1.52248399143598,1.51450471115221
WGN55C56,855,1,855,-0.00653764569871225,0.00102776441181524,1.52248399143598,1.51594634573727
WGN55C57,856,1,856,-0.016988011815909,0.000936595129566032,1.52248399143598,1.50549597962007
WGN55C58,857,1,857,0.015676368667046,0.000988101591712298,1.52248399143598,1.53816036010303
WGN55C59,858,1,858,-0.0959838442923528,0.00105517914453953,1.52248399143598,1.42650014714363
WGN55C60,859,1,859,-0.00205368644252104,0.000993652502014435,1.52248399143598,1.52043030499346
WGN55C61,860,1,860,0.0164965447114297,0.000994036481596726,1.52248399143598,1.53898053614741
WGN55C62,861,1,861,0.0209048415229174,0.00099469398557053,1.52248399143598,1.5433888329589
WGN55C63,862,1,862,-0.0064705952586145,0.000982430308145706,1.52248399143598,1.51601339617736
WGN55C65,863,1,863,0.00211087216842636,0.000945594027103788,1.52248399143598,1.52459486360441
WGN55D01,864,1,864,0.00668633159470044,0.00100238197778721,1.52248399143598,1.52917032303068
WGN55D02,865,1,865,-0.00455547944570925,0.00099581882922945,1.52248399143598,1.51792851199027
WGN55D03,866,1,866,-0.0226862881223703,0.00100609378893581,1.52248399143598,1.49979770331361
WGN55D04,867,1,867,-0.00577379284080923,0.000951590878601529,1.52248399143598,1.51671019859517
WGN55D05,868,1,868,-0.0026544328037656,0.00105016603988096,1.52248399143598,1.51982955863221
WGN55D06,869,1,869,-0.0659792933352855,0.00101136441155888,1.52248399143598,1.45650469810069
WGN55D08,870,1,870,-0.0111623748796254,0.000983600221219578,1.52248399143598,1.51132161655635
WGN55D09,871,1,871,-0.0281248793949722,0.00097142341403184,1.52248399143598,1.49435911204101
WGN55D10,872,1,872,-0.00117490864602029,0.000967867597614534,1.52248399143598,1.52130908278996
WGN55D11,873,1,873,-0.0152542487643513,0.000990598977379928,1.52248399143598,1.50722974267163
WGN55D12,874,1,874,-0.0210807675888229,0.000976850369370304,1.52248399143598,1.50140322384716
WGN55D13,875,1,875,0.00808649213327554,0.000926875177483548,1.52248399143598,1.53057048356925
WGN55D14,876,1,876,-0.0298445849159548,0.00104927734289712,1.52248399143598,1.49263940652002
WGN55D16,877,1,877,-0.029421654123445,0.000975679174752012,1.52248399143598,1.49306233731253
WGN55D18,878,1,878,0.0162331911030314,0.000978625648589825,1.52248399143598,1.53871718253901
WGN55D19,879,1,879,-0.00622320099607965,0.00103945104988744,1.52248399143598,1.5162607904399
WGN55D20,880,1,880,-0.00551289931070607,0.000959599406717088,1.52248399143598,1.51697109212527
WGN55D21,881,1,881,-0.0342965491598966,0.000985227633211494,1.52248399143598,1.48818744227608
WGN55D22,882,1,882,-0.00985688418532745,0.0010001042340427,1.52248399143598,1.51262710725065
WGN55D24,883,1,883,-0.00742910577580839,0.00106711907601683,1.52248399143598,1.51505488566017
WGN55D25,884,1,884,0.0121438404780091,0.000982146204014947,1.52248399143598,1.53462783191399
WGN55D26,885,1,885,-0.0424381196099662,0.000981706066466213,1.52248399143598,1.48004587182601
WGN55D27,886,1,886,-0.0252824107742619,0.000974923674224866,1.52248399143598,1.49720158066172
WGN55D28,887,1,887,-0.00713173628326961,0.000952429699026031,1.52248399143598,1.51535225515271
WGN55D29,888,1,888,-0.0124713461748093,0.00100121165438385,1.52248399143598,1.51001264526117
WGN55D30,889,1,889,-0.0105255098878961,0.000856347754151997,1.52248399143598,1.51195848154808
WGN55D31,890,1,890,-0.000468887744587042,0.00102969006944207,1.52248399143598,1.52201510369139
WGN55D33,891,1,891,-0.0158133107556303,0.00101671334698533,1.52248399143598,1.50667068068035
WGN55D35,892,1,892,-0.00607195374108419,0.000947736858853729,1.52248399143598,1.5164120376949
WGN55D36,893,1,893,-0.00139061195093118,0.0010181623542564,1.52248399143598,1.52109337948505
WGN55D37,894,1,894,-0.00352742047124982,0.00101343384100929,1.52248399143598,1.51895657096473
WGN55D38,895,1,895,0.00290933787886327,0.000999323518483296,1.52248399143598,1.52539332931484
WGN55D40,896,1,896,-0.0164795357692116,0.000994495132340853,1.52248399143598,1.50600445566677
WGN55D41,897,1,897,-0.0208693597832841,0.00102990744870274,1.52248399143598,1.5016146316527
WGN55D42,898,1,898,-0.00322779619457738,0.000988774209883915,1.52248399143598,1.5192561952414
WGN55D43,899,1,899,-0.0248607111319651,0.000932608319643086,1.52248399143598,1.49762328030401
WGN55D44,900,1,900,-0.0933592810041921,0.000982753972451958,1.52248399143598,1.42912471043179
WGN55D46,901,1,901,-0.0231039741136732,0.000910158044648761,1.52248399143598,1.49938001732231
WGN55D49,902,1,902,0.00531832269210483,0.000972632724702966,1.52248399143598,1.52780231412808
WGN55D50,903,1,903,0.0191249797141473,0.00101597731048166,1.52248399143598,1.54160897115013
WGN55D51,904,1,904,0.0107922401609468,0.00101363113692506,1.52248399143598,1.53327623159693
WGN55D52,905,1,905,-0.0240002677542037,0.000982327884690978,1.52248399143598,1.49848372368178
WGN55D53,906,1,906,-0.0677683583583738,0.000982245528721941,1.52248399143598,1.45471563307761
WGN55D54,907,1,907,0.00571706390939812,0.000943131532681406,1.52248399143598,1.52820105534538
WGN55D56,908,1,908,-0.042162110319956,0.000984680926289692,1.52248399143598,1.48032188111602
WGN55D57,909,1,909,0.000755747393802984,0.00101996976726124,1.52248399143598,1.52323973882978
WGN55D58,910,1,910,-0.0629369805425307,0.000997793484148948,1.52248399143598,1.45954701089345
WGN55D59,911,1,911,-0.0087676905437124,0.00100647234476996,1.52248399143598,1.51371630089227
WGN55D60,912,1,912,-0.00989643732055767,0.000990104198858505,1.52248399143598,1.51258755411542
WGN55D61,913,1,913,-0.0169409511749835,0.000973887318283597,1.52248399143598,1.505543040261
WGN55D63,914,1,914,0.0100882738589102,0.000976656457168344,1.52248399143598,1.53257226529489
WGN55D64,915,1,915,-0.0174297352397309,0.000932165904296109,1.52248399143598,1.50505425619625
WGN63C01,916,1,916,-0.00340524243539213,0.000984681221539169,1.52248399143598,1.51907874900059
WGN63C02,917,1,917,0.03551674496837,0.000955816125076327,1.52248399143598,1.55800073640435
WGN63C03,918,1,918,0.0159063229709382,0.000969179872790313,1.52248399143598,1.53839031440692
WGN63C05,919,1,919,0.000923271360994308,0.00102435766063216,1.52248399143598,1.52340726279697
WGN63C07,920,1,920,0.00729161303303519,0.000986029863852246,1.52248399143598,1.52977560446901
WGN63C09,921,1,921,0.0400463220347788,0.00100972784627447,1.52248399143598,1.56253031347076
WGN63C10,922,1,922,0.0219913970232476,0.00103947809143857,1.52248399143598,1.54447538845923
WGN63C11,923,1,923,0.0103593047399725,0.00101993112715745,1.52248399143598,1.53284329617595
WGN63C12,924,1,924,0.0444438881011655,0.00105899998238026,1.52248399143598,1.56692787953714
WGN63C15,925,1,925,0.0147762269442134,0.00101182689043736,1.52248399143598,1.53726021838019
WGN63C20,926,1,926,0.00449451390216829,0.000970102970942878,1.52248399143598,1.52697850533815
WGN63C21,927,1,927,-0.0269894693360545,0.00100836714088515,1.52248399143598,1.49549452209992
WGN63C23,928,1,928,-0.0337453051204984,0.000990475449553703,1.52248399143598,1.48873868631548
WGN63C25,929,1,929,0.0126202718799501,0.000999979228967281,1.52248399143598,1.53510426331593
WGN63C26,930,1,930,0.0234191822799229,0.000983610097584107,1.52248399143598,1.5459031737159
WGN63C27,931,1,931,0.0266052633779632,0.000991042867558784,1.52248399143598,1.54908925481394
WGN63C29,932,1,932,0.0092677392657784,0.00105666089047203,1.52248399143598,1.53175173070176
WGN63C31,933,1,933,0.0140440356465191,0.000953036461013969,1.52248399143598,1.5365280270825
WGN63C33,934,1,934,0.0135522367379166,0.000972973184044147,1.52248399143598,1.5360362281739
WGN63C34,935,1,935,0.0269734683947821,0.00102890731352556,1.52248399143598,1.54945745983076
WGN63C35,936,1,936,0.0157833025284405,0.000971582777439607,1.52248399143598,1.53826729396442
WGN63C37,937,1,937,0.0324881854498563,0.000971009262142226,1.52248399143598,1.55497217688584
WGN63C38,938,1,938,-0.00165746548479703,0.000981134910927385,1.52248399143598,1.52082652595118
WGN63C40,939,1,939,0.0274867566148491,0.00100409417650218,1.52248399143598,1.54997074805083
WGN63C41,940,1,940,0.0269143177688472,0.000965055945708705,1.52248399143598,1.54939830920483
WGN63C42,941,1,941,-0.00776000637905452,0.000968856218705353,1.52248399143598,1.51472398505692
WGN63C43,942,1,942,-0.0147268619674808,0.000997586608240164,1.52248399143598,1.5077571294685
WGN63C44,943,1,943,-0.0218366269176696,0.00103050565133572,1.52248399143598,1.50064736451831
WGN63C47,944,1,944,0.0325674256378763,0.00101334993602941,1.52248399143598,1.55505141707386
WGN63C48,945,1,945,-0.00502775237801264,0.000978897939266219,1.52248399143598,1.51745623905797
WGN63C49,946,1,946,0.0120827675449524,0.000995359805458902,1.52248399143598,1.53456675898093
WGN63C50,947,1,947,0.0148555321796194,0.000990530767905867,1.52248399143598,1.5373395236156
WGN63C51,948,1,948,0.00901853384029627,0.000972003190293537,1.52248399143598,1.53150252527628
WGN63C52,949,1,949,0.0260462317157021,0.000940839987908069,1.52248399143598,1.54853022315168
WGN63C53,950,1,950,0.0104822479348061,0.000945617579028275,1.52248399143598,1.53296623937079
WGN63C56,951,1,951,-0.00310887275433889,0.000986808743215352,1.52248399143598,1.51937511868164
WGN63C58,952,1,952,0.0103237797366065,0.00100071731519368,1.52248399143598,1.53280777117259
WGN63C59,953,1,953,0.00851598598175174,0.00101413204462844,1.52248399143598,1.53099997741773
WGN63C60,954,1,954,0.00989104377897735,0.000948439708837973,1.52248399143598,1.53237503521496
WGN63C62,955,1,955,-0.000675992911845167,0.000982110543469916,1.52248399143598,1.52180799852413
WGN63C63,956,1,956,0.00981713470919651,0.00104794593755757,1.52248399143598,1.53230112614518
WGN63C64,957,1,957,-0.00968813001250174,0.000961536889087186,1.52248399143598,1.51279586142348
WGN63C65,958,1,958,0.00577911581829183,0.00104702234021088,1.52248399143598,1.52826310725427
WGN63D01,959,1,959,0.0205995872368461,0.00103847874610502,1.52248399143598,1.54308357867283
WGN63D03,960,1,960,-0.0145527938206417,0.000977154030470474,1.52248399143598,1.50793119761534
WGN63D04,961,1,961,0.0062250687180641,0.000960303639859624,1.52248399143598,1.52870906015404
WGN63D05,962,1,962,-0.00747554243286987,0.00101508507278308,1.52248399143598,1.51500844900311
WGN63D06,963,1,963,0.0262115735833223,0.0010208914519361,1.52248399143598,1.5486955650193
WGN63D08,964,1,964,-0.0100025447946375,0.00103928218943919,1.52248399143598,1.51248144664134
WGN63D09,965,1,965,-0.00669915232281805,0.000977969664980399,1.52248399143598,1.51578483911316
WGN63D10,966,1,966,0.0123324193328541,0.00103678210130224,1.52248399143598,1.53481641076883
WGN63D11,967,1,967,0.0189864278576497,0.00106621638502826,1.52248399143598,1.54147041929363
WGN63D12,968,1,968,0.0184308496737158,0.0010512699678133,1.52248399143598,1.5409148411097
WGN63D14,969,1,969,-0.00617426536130719,0.00101026807315001,1.52248399143598,1.51630972607467
WGN63D15,970,1,970,0.0143263574906746,0.00101418271837862,1.52248399143598,1.53681034892665
WGN63D16,971,1,971,0.0142945325114146,0.00101874097945964,1.52248399143598,1.53677852394739
WGN63D17,972,1,972,-0.0195638650851353,0.000996523202336227,1.52248399143598,1.50292012635084
WGN63D18,973,1,973,0.0154248576692388,0.000993337008098985,1.52248399143598,1.53790884910522
WGN63D21,974,1,974,0.0400126369642963,0.000973070563115824,1.52248399143598,1.56249662840028
WGN63D22,975,1,975,0.0124794973805917,0.000969452435287661,1.52248399143598,1.53496348881657
WGN63D23,976,1,976,-0.0195964790368287,0.000940549240697085,1.52248399143598,1.50288751239915
WGN63D24,977,1,977,0.0284732593764613,0.00097964763529388,1.52248399143598,1.55095725081244
WGN63D25,978,1,978,-0.00126790744696231,0.000971826547832448,1.52248399143598,1.52121608398902
WGN63D26,979,1,979,0.00690949595338297,0.0010146992978518,1.52248399143598,1.52939348738936
WGN63D27,980,1,980,0.0397215812130216,0.00097051265597605,1.52248399143598,1.562205572649
WGN63D28,981,1,981,0.00599912023656088,0.000990788039550943,1.52248399143598,1.52848311167254
WGN63D29,982,1,982,-0.000516655885141056,0.00101486118552918,1.52248399143598,1.52196733555084
WGN63D30,983,1,983,0.0161855518135535,0.001039375191372,1.52248399143598,1.53866954324953
WGN63D32,984,1,984,0.033344273431805,0.00106053871057237,1.52248399143598,1.55582826486778
WGN63D34,985,1,985,-0.000813738146521816,0.0010753106334854,1.52248399143598,1.52167025328946
WGN63D35,986,1,986,0.0199332730619626,0.0010722384714347,1.52248399143598,1.54241726449794
WGN63D36,987,1,987,0.0157793844259844,0.00102974939692286,1.52248399143598,1.53826337586196
WGN63D38,988,1,988,0.0205626351387969,0.00108397688522654,1.52248399143598,1.54304662657478
WGN63D39,989,1,989,0.00980944357347596,0.00104973634733866,1.52248399143598,1.53229343500946
WGN63D40,990,1,990,0.0193711891440059,0.00100653093511936,1.52248399143598,1.54185518057999
WGN63D41,991,1,991,0.0253984219879036,0.00104868439452433,1.52248399143598,1.54788241342388
WGN63D42,992,1,992,-0.00781854733335756,0.00104733688787341,1.52248399143598,1.51466544410262
WGN63D43,993,1,993,-0.00268337734826578,0.00103965438993974,1.52248399143598,1.51980061408771
WGN63D44,994,1,994,0.0303261137304381,0.00105656691425362,1.52248399143598,1.55281010516642
WGN63D45,995,1,995,0.0072379383621883,0.000983181908627508,1.52248399143598,1.52972192979817
WGN63D46,996,1,996,0.00496277502438336,0.00104074367143641,1.52248399143598,1.52744676646036
WGN63D47,997,1,997,0.039255335207767,0.00106917125287603,1.52248399143598,1.56173932664375
WGN63D49,998,1,998,0.00410380415708295,0.0010100742565458,1.52248399143598,1.52658779559306
WGN63D51,999,1,999,0.0116708313432787,0.00101837820351032,1.52248399143598,1.53415482277926
WGN63D53,1000,1,1000,0.0107441130285199,0.00105892601846469,1.52248399143598,1.5332281044645
WGN63D57,1001,1,1001,0.008444296704618,0.00106404106250062,1.52248399143598,1.5309282881406
WGN63D58,1002,1,1002,0.00704821365597079,0.00105047849029451,1.52248399143598,1.52953220509195
WGN63D61,1003,1,1003,0.0499404387892355,0.00103516717966307,1.52248399143598,1.57242443022521
WGN63D62,1004,1,1004,0.0142516566714066,0.0010510456119879,1.52248399143598,1.53673564810739
WGN63D63,1005,1,1005,0.0114822917524375,0.0010579912305552,1.52248399143598,1.53396628318842
WGN63D64,1006,1,1006,0.00991769703954373,0.00106113786091276,1.52248399143598,1.53240168847552
WGN63D65,1007,1,1007,0.00612205783814323,0.00101291597163243,1.52248399143598,1.52860604927412
