"SNP","Chromosome","Position","P.value","maf","nobs","Rsquare.of.Model.without.SNP","Rsquare.of.Model.with.SNP","FDR_Adjusted_P.values","effect","percent_variation_explained","trait","loc","year"
"Chr02_278677992",2,278677992,1.22086795071745e-09,0.446444249341528,1139,0.429852045272191,0.448669417508801,9.74985145442953e-06,-0.46787420851601,2.7322515146709,"floret_score_mean","STP","2017"
"Chr06_524746973",6,524746973,4.12526700547109e-09,0.369622475856014,1139,0.429852045272191,0.44744248936248,1.64721911528461e-05,-0.557232534279223,2.23723265858627,"floret_score_mean","STP","2017"
"Chr15_454588273",15,454588273,1.48929808950257e-07,0.053116769095698,1139,0.429852045272191,0.44385696248,0.00023787069085535,2.18482131548426,21.6831604051455,"floret_score_mean","STP","2017"
"Chr11_228804489",11,228804489,1.95173890994707e-06,0.422300263388938,1139,0.429852045272191,0.441314656128695,0.0017318429927597,-0.292481461609604,5.8090238935339,"floret_score_mean","STP","2017"
"Chr05_394992438",5,394992438,3.57860038857046e-06,0.0263388937664618,1139,0.429852045272191,0.440719945260336,0.00238155855859364,-1.05049416742015,3.3738567600348,"floret_score_mean","STP","2017"
"Chr04_247408826",4,247408826,5.32439083837481e-06,0.0267778753292362,1139,0.429852045272191,0.440331173642356,0.00290508638632338,-1.03579314207809,0.00295295515825853,"floret_score_mean","STP","2017"
"Chr02_204450791",2,204450791,5.82035839984649e-06,0.0258999122036874,1139,0.429852045272191,0.44024413956148,0.00290508638632338,1.25983994940728,49.02730290745,"floret_score_mean","STP","2017"
"Chr18_40836512",18,40836512,7.69583632003518e-06,0.460491659350307,1139,0.429852045272191,0.439971459562942,0.00341438604732228,-0.569866532101997,0.648517066141021,"floret_score_mean","STP","2017"
"Chr03_347078225",3,347078225,9.28089463436272e-06,0.0263388937664618,1139,0.429852045272191,0.439788868060265,0.00390090655526425,1.19328571222959,0.0148302394105354,"floret_score_mean","STP","2017"
"Chr03_133897959",3,133897959,1.29131423645555e-05,0.0263388937664618,1139,0.429852045272191,0.439467323556598,0.00491068356777812,1.18305491396821,1.0985201944656,"floret_score_mean","STP","2017"
"Chr10_436139244",10,436139244,1.62801533961459e-05,0.460930640913082,1139,0.429852045272191,0.43924213005769,0.00590969568280097,0.320728042151561,0.150145280434011,"floret_score_mean","STP","2017"
"Chr09_106857528",9,106857528,4.48244268054949e-05,0.0254609306409131,1139,0.429852045272191,0.43826164233083,0.0132580693506919,1.1086295003228,3.44005769965078,"floret_score_mean","STP","2017"
"Chr15_24540664",15,24540664,0.000104508341847255,0.288849868305531,1139,0.429852045272191,0.437447466834156,0.0290579226723773,-0.352587965181048,1.04489622517012,"floret_score_mean","STP","2017"
"Chr07_484255571",7,484255571,0.000110872334027861,0.0570676031606673,1139,0.429852045272191,0.437390811529694,0.0295142153182165,-0.576217687984398,2.98249833425483,"floret_score_mean","STP","2017"
"Chr20_78921696",20,78921696,0.000159740464322146,0.0750658472344162,1139,0.429852045272191,0.437041436523526,0.0398652296273956,0.476223157065857,2.16952485677565,"floret_score_mean","STP","2017"
"Chr19_632334545",19,632334545,0.000195209544694539,0.0263388937664618,1139,0.429852045272191,0.436850055040714,0.0472407098160785,0.993725295930282,20.3541745200629,"floret_score_mean","STP","2017"
"Chr15_454588273",15,454588273,1.40632366875799e-06,0.0523356401384083,1156,0.363551980573105,0.37651155944218,0.0028087799474269,1.6637036097328,6.65838746025652,"floret_score_mean","STP","2018"
"Chr14_511253465",14,511253465,5.91570577308915e-06,0.230968858131488,1156,0.363551980573105,0.374962727526695,0.00754098575670812,0.311639416655066,2.38581575606433,"floret_score_mean","STP","2018"
"Chr13_282529292",13,282529292,6.6074477778141e-06,0.490484429065744,1156,0.363551980573105,0.374843976390302,0.00754098575670812,-0.876412577290822,0.936608093981895,"floret_score_mean","STP","2018"
"Chr20_593264859",20,593264859,2.02649236388853e-05,0.0886678200692042,1156,0.363551980573105,0.373644738166924,0.0177996829226549,-0.370424911934379,1.59395544320649,"floret_score_mean","STP","2018"
"Chr15_360964073",15,360964073,2.07493159734015e-05,0.0242214532871972,1156,0.363551980573105,0.373619547221388,0.0177996829226549,0.920218296629287,1.58633354574493,"floret_score_mean","STP","2018"
"Chr04_183774473",4,183774473,2.35403579635362e-05,0.160034602076125,1156,0.363551980573105,0.37348502441641,0.0177996829226549,-0.428466352638239,3.05190527944299,"floret_score_mean","STP","2018"
"Chr09_106857528",9,106857528,2.45082628801107e-05,0.0250865051903114,1156,0.363551980573105,0.373442096853883,0.0177996829226549,0.952402819245875,8.13386941586082,"floret_score_mean","STP","2018"
"Chr11_228804489",11,228804489,5.87042302897571e-05,0.423010380622837,1156,0.363551980573105,0.372514347567002,0.0366539762585566,-0.20465253936607,3.4738447472395,"floret_score_mean","STP","2018"
"Chr05_299979105",5,299979105,5.96447229141615e-05,0.0544982698961938,1156,0.363551980573105,0.372497519208419,0.0366539762585566,-1.30202588200063,1.9672752179067,"floret_score_mean","STP","2018"
"Chr02_204450791",2,204450791,9.68402224121569e-05,0.0255190311418685,1156,0.363551980573105,0.371985333464846,0.0455092080500424,0.895921050967843,5.10025146705734,"floret_score_mean","STP","2018"
"Chr03_133897959",3,133897959,0.000109006465082864,0.0259515570934256,1156,0.363551980573105,0.371860560180485,0.045834349976158,0.871026094602716,0.0240512361691306,"floret_score_mean","STP","2018"
"Chr16_13393236",16,13393236,0.000121911858504282,0.0263840830449827,1156,0.363551980573105,0.371742701228068,0.0486976918795355,0.54647793679378,1.1006562460852,"floret_score_mean","STP","2018"
"Chr03_347078225",3,347078225,0.000158263574327427,0.0259515570934256,1156,0.363551980573105,0.37146824647653,0.0574712588773551,0.842684200760932,0.00372731230666706,"floret_score_mean","STP","2018"
"Chr02_278677992",2,278677992,0.0002328180401383,0.446799307958478,1156,0.363551980573105,0.371063442721601,0.0782034756899509,-0.237054057766679,1.88776134890147,"floret_score_mean","STP","2018"
"Chr11_231841692",11,231841692,5.46228744731193e-10,0.425366695427092,1159,0.305245196583139,0.328745492104894,4.3638214416575e-06,-0.331828394205171,7.50027996869508,"floret_score_mean","TLI","2017"
"Chr19_778538126",19,778538126,3.19534606001569e-06,0.404659188955997,1159,0.305245196583139,0.318390198897884,0.00850920655782178,-0.249797182477797,0.0410552723304449,"floret_score_mean","TLI","2017"
"Chr06_524746973",6,524746973,4.98876340093196e-06,0.369715271786022,1159,0.305245196583139,0.317868136583375,0.00996380770251135,-0.317146522979289,1.22015521045533,"floret_score_mean","TLI","2017"
"Chr10_436139244",10,436139244,1.83563512980182e-05,0.463761863675582,1159,0.305245196583139,0.316348691573376,0.0293297781039735,0.234849668741782,0.906121037484586,"floret_score_mean","TLI","2017"
"Chr02_333426473",2,333426473,0.000102819800021001,0.407247627264884,1159,0.305245196583139,0.314358342954903,0.0965012804467848,-0.255513297740439,4.50381452775967,"floret_score_mean","TLI","2017"
"Chr07_462853440",7,462853440,0.000153330245039176,0.457290767903365,1159,0.305245196583139,0.313900383478628,0.0965012804467848,-0.326830780142906,1.04600760689725,"floret_score_mean","TLI","2017"
"Chr05_324907771",5,324907771,0.000155040391926465,0.251509922346851,1159,0.305245196583139,0.313887694472802,0.0965012804467848,0.257919884280561,1.69316194493989,"floret_score_mean","TLI","2017"
"Chr18_40836512",18,40836512,0.000157964779395077,0.460742018981881,1159,0.305245196583139,0.313866319630853,0.0965012804467848,-0.358073232195899,0.390312253608121,"floret_score_mean","TLI","2017"
"Chr06_32397489",6,32397489,4.81432851913929e-06,0.0543478260869565,1150,0.0173374679923873,0.0353919634596498,0.0192474799707966,0.0760928159481773,1.7337559820928,"floret_score_mean","TLI","2018"
"Chr08_72972971",8,72972971,4.81849542390702e-06,0.499130434782609,1150,0.0173374679923873,0.0353905194343648,0.0192474799707966,-0.460204841503806,1.92311954658619,"floret_score_mean","TLI","2018"
"Chr18_40836512",18,40836512,7.5518977060816e-06,0.460434782608696,1150,0.0173374679923873,0.0346414294780709,0.0201107035912953,-0.0706520605861847,0.881252492727969,"floret_score_mean","TLI","2018"
"Chr09_57079262",9,57079262,1.35413437247104e-05,0.0456521739130435,1150,0.0173374679923873,0.0336707279652781,0.0233036259034059,0.0712690268629513,1.10664161786051,"floret_score_mean","TLI","2018"
"Chr20_199689244",20,199689244,1.45848203175653e-05,0.00739130434782609,1150,0.0173374679923873,0.0335475651984759,0.0233036259034059,0.157114267816219,1.8717317534156,"floret_score_mean","TLI","2018"
"Chr05_391948474",5,391948474,3.10966307052299e-05,0.393478260869565,1150,0.0173374679923873,0.0322946451117918,0.0414051637840137,-0.0487696217806933,1.46802990791414,"floret_score_mean","TLI","2018"
"Chr11_11700200",11,11700200,0.000103246843258458,0.0230434782608696,1150,0.0173374679923873,0.0303220104089248,0.103104878848977,0.091985363265111,0.615625979340183,"floret_score_mean","TLI","2018"
"Chr16_317104001",16,317104001,0.000135413374293125,0.102608695652174,1150,0.0173374679923873,0.029878694464285,0.120201938580864,0.0461077649763254,1.10305692291503,"floret_score_mean","TLI","2018"
"Chr10_186735495",10,186735495,0.000202684748176651,0.0482608695652174,1150,0.0173374679923873,0.0292213224515671,0.161924845318327,0.0656782120939732,0.382026276331722,"floret_score_mean","TLI","2018"
