SNP,Chromosome,Position,P.value,maf,nobs,Rsquare.of.Model.without.SNP,Rsquare.of.Model.with.SNP,FDR_Adjusted_P.values,effect,percent_variation_explained,trait,loc,year
Chr05_263265303,5,263265303,1.09E-07,0.300524934,1143,0.365740367,0.381603801,0.000145729,-0.075046459,5.998688387,threshability,STP,2017
Chr06_424161336,6,424161336,6.50E-07,0.049431321,1143,0.365740367,0.37964657,0.00074198,-0.105681754,1.669682186,threshability,STP,2017
Chr05_165872581,5,165872581,3.01E-06,0.21872266,1143,0.365740367,0.37797387,0.002006192,-0.064210555,1.414632988,threshability,STP,2017
Chr06_334530477,6,334530477,5.85E-06,0.274278215,1143,0.365740367,0.377255285,0.003112708,0.078681452,0.825494687,threshability,STP,2017
Chr06_147094010,6,147094010,7.82E-06,0.270778653,1143,0.365740367,0.376939942,0.003905472,0.074137128,1.789979113,threshability,STP,2017
Chr18_165923396,18,165923396,1.24E-05,0.078740157,1143,0.365740367,0.376444647,0.004942772,-0.084240486,3.112376013,threshability,STP,2017
Chr05_92768776,5,92768776,7.01E-05,0.302712161,1143,0.365740367,0.374584728,0.024266979,0.04998852,1.082695363,threshability,STP,2017
Chr18_291366356,18,291366356,7.29E-05,0.079615048,1143,0.365740367,0.374542951,0.024266979,-0.074638904,0.017255102,threshability,STP,2017
Chr18_17030514,18,17030514,0.000103819,0.094488189,1143,0.365740367,0.374167106,0.030278285,-0.058619092,2.579826963,threshability,STP,2017
Chr07_506836505,7,506836505,0.000139305,0.006124234,1143,0.365740367,0.373855015,0.038113791,-0.141367698,1.034031688,threshability,STP,2017
Chr19_163945333,19,163945333,0.00017036,0.023184602,1143,0.365740367,0.373641848,0.043887052,-0.103531487,1.674446245,threshability,STP,2017
Chr16_315495424,16,315495424,0.000233211,0.317147857,1143,0.365740367,0.37330998,0.058200722,-0.041719766,2.91618054,threshability,STP,2017
Chr18_17030514,18,17030514,1.50E-06,0.094209162,1157,0.385902283,0.39832628,0.00171571,-0.088193898,2.964692714,threshability,STP,2018
Chr05_165872581,5,165872581,9.31E-06,0.216508211,1157,0.385902283,0.396433968,0.008262035,-0.074162585,3.116280821,threshability,STP,2018
Chr06_424161336,6,424161336,1.41E-05,0.049265341,1157,0.385902283,0.396003478,0.01128619,-0.111370205,8.38068452,threshability,STP,2018
Chr11_32523201,11,32523201,0.000130984,0.020743302,1157,0.385902283,0.393725652,0.052652563,-0.134687852,1.412853729,threshability,STP,2018
Chr15_97902578,15,97902578,0.000131813,0.02031115,1157,0.385902283,0.393719257,0.052652563,-0.13926435,1.5793742,threshability,STP,2018
Chr05_261602958,5,261602958,0.000155612,0.048833189,1157,0.385902283,0.393551011,0.056545719,-0.097619379,3.334371379,threshability,STP,2018
Chr05_92768776,5,92768776,0.000155715,0.302938634,1157,0.385902283,0.393550343,0.056545719,0.057705178,4.816230282,threshability,STP,2018
Chr13_237811341,13,237811341,0.000190657,0.020743302,1157,0.385902283,0.393345467,0.062332108,-0.137332582,0.042182851,threshability,STP,2018
Chr05_156358046,5,156358046,1.89E-13,0.348275862,1160,0.382086261,0.411633856,1.51E-09,-0.098936878,7.762382998,threshability,TLI,2017
Chr05_86058515,5,86058515,4.12E-12,0.350431034,1160,0.382086261,0.408264706,1.64E-08,-0.090834002,3.837557772,threshability,TLI,2017
Chr06_147094010,6,147094010,3.17E-05,0.270258621,1160,0.382086261,0.391390851,0.018076725,0.074090225,1.852368755,threshability,TLI,2017
Chr05_232392097,5,232392097,8.28E-05,0.393965517,1160,0.382086261,0.390405612,0.040823669,-0.046641001,0.008793706,threshability,TLI,2017
Chr18_165923396,18,165923396,8.69E-05,0.079741379,1160,0.382086261,0.390356624,0.040823669,-0.080759826,1.563305549,threshability,TLI,2017
Chr20_1840999,20,1840999,9.89E-05,0.026724138,1160,0.382086261,0.390224313,0.043890994,-0.105359741,1.833444487,threshability,TLI,2017
Chr18_291366356,18,291366356,0.000208401,0.080603448,1160,0.382086261,0.389465926,0.07929153,-0.074459005,0.191510055,threshability,TLI,2017
Chr06_334530477,6,334530477,0.000233222,0.273706897,1160,0.382086261,0.389351893,0.082018693,0.068573181,0.463415935,threshability,TLI,2017
Chr08_72972971,8,72972971,2.20E-05,0.499006951,1007,0.011112849,0.028978828,0.092247802,0.377080697,1.774175348,threshability,TLI,2018
Chr02_394054035,2,394054035,2.31E-05,0.021350546,1007,0.011112849,0.028888699,0.092247802,-0.089215597,2.623706037,threshability,TLI,2018
Chr06_64457302,6,64457302,0.000234855,0.027805362,1007,0.011112849,0.024508728,0.540113936,0.081862508,2.987880239,threshability,TLI,2018